{
  "run_id": 10,
  "phase": "candidate",
  "status": "ok",
  "error": null,
  "data_config_source": "/Users/jenriquezafra/Proyectos/Dev/python/portfolio/configs/config_data.core25.yaml",
  "requested_universe_size": 25,
  "realized_clean_tickers": 25,
  "realized_panel_tickers": 25,
  "horizon_days": 15,
  "rebalance_every_n_days": 15,
  "allocation_method": "mean_variance",
  "weight_max": 0.15,
  "turnover_cap": 0.25,
  "oos_cs_ic_mean": 0.04149556105805303,
  "oos_cs_ic_ir": 0.15815549837919224,
  "oos_top_bottom_mean": 0.007663666475449499,
  "n_rebalances_train": 146,
  "annualized_return": 0.27720540787197123,
  "annualized_volatility": 0.2748748609198731,
  "sharpe_ratio": 1.0084785743748952,
  "weekly_sharpe_ratio": 1.0759976168278433,
  "max_drawdown": -0.36409353500535213,
  "average_turnover": 0.24261024765087869,
  "total_cost_bps_paid": 247.94767309919797
}