{
  "run_id": 13,
  "horizon_days": 7,
  "long_short_quantile": 0.15,
  "weight_max": 0.15,
  "gross_exposure_target": 0.8,
  "turnover_cap": 0.1,
  "status": "ok",
  "error": null,
  "annualized_return": 0.010934026559983101,
  "annualized_volatility": 0.03238718262061998,
  "sharpe_ratio": 0.3376035108722833,
  "weekly_sharpe_ratio": 0.3591750858260068,
  "max_drawdown": -0.05042316652700207,
  "average_turnover": 0.09999999999999999,
  "total_cost_bps_paid": 221.90000000000006,
  "average_gross_exposure": 0.3563815280233818,
  "average_net_exposure": 0.005611310296804035,
  "ex_ante_factor_exposure_l1": 0.06256290219834126,
  "ex_post_factor_beta_l1": 0.047121329758035436,
  "ex_post_factor_r2": 0.09805725276649313
}