{
  "run_id": 7,
  "horizon_days": 15,
  "long_short_quantile": 0.3,
  "weight_max": 0.15,
  "gross_exposure_target": 1.0,
  "turnover_cap": 0.1,
  "status": "ok",
  "error": null,
  "annualized_return": 0.012799577745525204,
  "annualized_volatility": 0.039844493777595684,
  "sharpe_ratio": 0.3212383075305208,
  "weekly_sharpe_ratio": 0.30581098519193506,
  "max_drawdown": -0.16035372599251163,
  "average_turnover": 0.09999999999999999,
  "total_cost_bps_paid": 102.20000000000002,
  "average_gross_exposure": 0.32714874974292174,
  "average_net_exposure": 0.008568223274208432,
  "ex_ante_factor_exposure_l1": 0.047533507711877324,
  "ex_post_factor_beta_l1": 0.04731302573451706,
  "ex_post_factor_r2": 0.03197010112062437
}