{
  "run_id": 63,
  "horizon_days": 7,
  "long_short_quantile": 0.25,
  "weight_max": 0.12,
  "gross_exposure_target": 0.8,
  "turnover_cap": 0.15,
  "status": "ok",
  "error": null,
  "annualized_return": 0.014412799542508736,
  "annualized_volatility": 0.026213831004704716,
  "sharpe_ratio": 0.5498166040637862,
  "weekly_sharpe_ratio": 0.5637902371939104,
  "max_drawdown": -0.033288639668150544,
  "average_turnover": 0.15,
  "total_cost_bps_paid": 332.85,
  "average_gross_exposure": 0.37950407054578106,
  "average_net_exposure": 0.006488205540534319,
  "ex_ante_factor_exposure_l1": 0.052170998977820585,
  "ex_post_factor_beta_l1": 0.04947194331629646,
  "ex_post_factor_r2": 0.07953348719644449
}