{
  "run_id": 140,
  "horizon_days": 7,
  "long_short_quantile": 0.35,
  "weight_max": 0.12,
  "gross_exposure_target": 1.0,
  "turnover_cap": 0.2,
  "status": "ok",
  "error": null,
  "annualized_return": 0.02059160459624576,
  "annualized_volatility": 0.034045764573423766,
  "sharpe_ratio": 0.6048213295911596,
  "weekly_sharpe_ratio": 0.5966519357269571,
  "max_drawdown": -0.05415231612984828,
  "average_turnover": 0.19999999999999998,
  "total_cost_bps_paid": 443.8000000000001,
  "average_gross_exposure": 0.4820893864234996,
  "average_net_exposure": 0.021177924175842334,
  "ex_ante_factor_exposure_l1": 0.07607218589620776,
  "ex_post_factor_beta_l1": 0.06028010206660352,
  "ex_post_factor_r2": 0.0791018078988992
}