{
  "run_id": 18,
  "horizon_days": 10,
  "long_short_quantile": 0.2,
  "weight_max": 0.1,
  "gross_exposure_target": 1.0,
  "turnover_cap": 0.1,
  "status": "ok",
  "error": null,
  "annualized_return": 0.0075329825192016475,
  "annualized_volatility": 0.03398563713650184,
  "sharpe_ratio": 0.2216519434061439,
  "weekly_sharpe_ratio": 0.2315201287315082,
  "max_drawdown": -0.04877321903845855,
  "average_turnover": 0.1,
  "total_cost_bps_paid": 154.00000000000003,
  "average_gross_exposure": 0.3732884682116462,
  "average_net_exposure": 0.005837364431265132,
  "ex_ante_factor_exposure_l1": 0.06602890041382657,
  "ex_post_factor_beta_l1": 0.06704061988252955,
  "ex_post_factor_r2": 0.09119546449076288
}