{
  "run_id": 32,
  "horizon_days": 10,
  "long_short_quantile": 0.2,
  "weight_max": 0.12,
  "gross_exposure_target": 1.0,
  "turnover_cap": 0.2,
  "status": "ok",
  "error": null,
  "annualized_return": 0.0019324816296701908,
  "annualized_volatility": 0.037404223165992574,
  "sharpe_ratio": 0.05166479787841651,
  "weekly_sharpe_ratio": 0.0536492531838874,
  "max_drawdown": -0.06949603512174296,
  "average_turnover": 0.20000000000000004,
  "total_cost_bps_paid": 308.00000000000006,
  "average_gross_exposure": 0.4685703445701985,
  "average_net_exposure": 0.007219229621505086,
  "ex_ante_factor_exposure_l1": 0.06440900684205948,
  "ex_post_factor_beta_l1": 0.05105179982782278,
  "ex_post_factor_r2": 0.06330943294742108
}