{
  "run_id": 13,
  "horizon_days": 7,
  "long_short_quantile": 0.2,
  "weight_max": 0.1,
  "gross_exposure_target": 0.8,
  "turnover_cap": 0.05,
  "status": "ok",
  "error": null,
  "annualized_return": 0.012378787109325495,
  "annualized_volatility": 0.023656720144968488,
  "sharpe_ratio": 0.5232672590903655,
  "weekly_sharpe_ratio": 0.5372438139550735,
  "max_drawdown": -0.028194514198191634,
  "average_turnover": 0.049999999999999996,
  "total_cost_bps_paid": 110.95000000000003,
  "average_gross_exposure": 0.27125609340470375,
  "average_net_exposure": 0.0074181951482845294,
  "ex_ante_factor_exposure_l1": 0.06881526602720055,
  "ex_post_factor_beta_l1": 0.05775810569320514,
  "ex_post_factor_r2": 0.16293024980238546
}