{
  "run_id": 68,
  "horizon_days": 7,
  "long_short_quantile": 0.25,
  "weight_max": 0.12,
  "gross_exposure_target": 1.0,
  "turnover_cap": 0.2,
  "status": "ok",
  "error": null,
  "annualized_return": 0.023023119950232873,
  "annualized_volatility": 0.03500536522927275,
  "sharpe_ratio": 0.6577026064273173,
  "weekly_sharpe_ratio": 0.6764630235521,
  "max_drawdown": -0.050833050850081385,
  "average_turnover": 0.19999999999999998,
  "total_cost_bps_paid": 443.80000000000007,
  "average_gross_exposure": 0.4724807514999897,
  "average_net_exposure": 0.021200290685601465,
  "ex_ante_factor_exposure_l1": 0.08604253486746978,
  "ex_post_factor_beta_l1": 0.07146450647869278,
  "ex_post_factor_r2": 0.10486623923441674
}