{
  "run_id": 126,
  "horizon_days": 7,
  "long_short_quantile": 0.35,
  "weight_max": 0.1,
  "gross_exposure_target": 1.0,
  "turnover_cap": 0.1,
  "status": "ok",
  "error": null,
  "annualized_return": 0.017712133478127168,
  "annualized_volatility": 0.03001252638678908,
  "sharpe_ratio": 0.5901580310121343,
  "weekly_sharpe_ratio": 0.5864233507286853,
  "max_drawdown": -0.05154906022192163,
  "average_turnover": 0.09999999999999999,
  "total_cost_bps_paid": 221.90000000000006,
  "average_gross_exposure": 0.37879266905617404,
  "average_net_exposure": 0.023575792002486287,
  "ex_ante_factor_exposure_l1": 0.08585620472511706,
  "ex_post_factor_beta_l1": 0.06834472371546321,
  "ex_post_factor_r2": 0.13890270114007508
}