{
  "run_id": 128,
  "horizon_days": 10,
  "long_short_quantile": 0.35,
  "weight_max": 0.1,
  "gross_exposure_target": 1.0,
  "turnover_cap": 0.2,
  "status": "ok",
  "error": null,
  "annualized_return": 0.003125355807424235,
  "annualized_volatility": 0.03217082795797925,
  "sharpe_ratio": 0.09714875263721837,
  "weekly_sharpe_ratio": 0.09889895414767233,
  "max_drawdown": -0.06330498626004144,
  "average_turnover": 0.20000000000000004,
  "total_cost_bps_paid": 308.00000000000006,
  "average_gross_exposure": 0.45621168200260703,
  "average_net_exposure": 0.005726862216448363,
  "ex_ante_factor_exposure_l1": 0.0542856147660597,
  "ex_post_factor_beta_l1": 0.05544218821159402,
  "ex_post_factor_r2": 0.057070518289944916
}