{
  "run_id": 118,
  "horizon_days": 7,
  "long_short_quantile": 0.35,
  "weight_max": 0.08,
  "gross_exposure_target": 1.2,
  "turnover_cap": 0.1,
  "status": "ok",
  "error": null,
  "annualized_return": 0.0288303468355533,
  "annualized_volatility": 0.052607088574534215,
  "sharpe_ratio": 0.5480315983407102,
  "weekly_sharpe_ratio": 0.5865072964779962,
  "max_drawdown": -0.10767069160343723,
  "average_turnover": 0.09999999999999999,
  "total_cost_bps_paid": 221.90000000000003,
  "average_gross_exposure": 0.3985734934131153,
  "average_net_exposure": 0.08749073718024677,
  "ex_ante_factor_exposure_l1": 0.19210766288525133,
  "ex_post_factor_beta_l1": 0.2935332438510383,
  "ex_post_factor_r2": 0.4386725037659943
}