{
  "run_id": 16,
  "horizon_days": 10,
  "long_short_quantile": 0.2,
  "weight_max": 0.1,
  "gross_exposure_target": 0.8,
  "turnover_cap": 0.2,
  "status": "ok",
  "error": null,
  "annualized_return": -0.0010164862524804086,
  "annualized_volatility": 0.030994811989665118,
  "sharpe_ratio": -0.03279536758665756,
  "weekly_sharpe_ratio": -0.033850555607458345,
  "max_drawdown": -0.0655197672491018,
  "average_turnover": 0.20000000000000004,
  "total_cost_bps_paid": 308.00000000000006,
  "average_gross_exposure": 0.4061677856651604,
  "average_net_exposure": -0.002730728434646866,
  "ex_ante_factor_exposure_l1": 0.03851311118265674,
  "ex_post_factor_beta_l1": 0.03371058814536536,
  "ex_post_factor_r2": 0.04083469680474949
}