{
  "run_id": 137,
  "horizon_days": 7,
  "long_short_quantile": 0.35,
  "weight_max": 0.12,
  "gross_exposure_target": 1.0,
  "turnover_cap": 0.05,
  "status": "ok",
  "error": null,
  "annualized_return": 0.014791763726412555,
  "annualized_volatility": 0.02655075103188205,
  "sharpe_ratio": 0.557112817963253,
  "weekly_sharpe_ratio": 0.5532196083254093,
  "max_drawdown": -0.042247085922276995,
  "average_turnover": 0.049999999999999996,
  "total_cost_bps_paid": 110.95000000000003,
  "average_gross_exposure": 0.31008337801080915,
  "average_net_exposure": 0.025264436977650424,
  "ex_ante_factor_exposure_l1": 0.09100285022233888,
  "ex_post_factor_beta_l1": 0.08078882797116071,
  "ex_post_factor_r2": 0.20660535228909405
}