{
  "run_id": 86,
  "horizon_days": 7,
  "long_short_quantile": 0.3,
  "weight_max": 0.1,
  "gross_exposure_target": 0.8,
  "turnover_cap": 0.1,
  "status": "ok",
  "error": null,
  "annualized_return": 0.013291753131698503,
  "annualized_volatility": 0.023880187175983003,
  "sharpe_ratio": 0.5566017147916832,
  "weekly_sharpe_ratio": 0.5601713781298969,
  "max_drawdown": -0.035962831858250555,
  "average_turnover": 0.09999999999999999,
  "total_cost_bps_paid": 221.90000000000006,
  "average_gross_exposure": 0.3344264358174777,
  "average_net_exposure": 0.006686289747664423,
  "ex_ante_factor_exposure_l1": 0.0538312077716439,
  "ex_post_factor_beta_l1": 0.04568278719627372,
  "ex_post_factor_r2": 0.08929554573421972
}