{
  "run_id": 142,
  "horizon_days": 7,
  "long_short_quantile": 0.35,
  "weight_max": 0.12,
  "gross_exposure_target": 1.2,
  "turnover_cap": 0.1,
  "status": "ok",
  "error": null,
  "annualized_return": 0.020054083764595276,
  "annualized_volatility": 0.034980533904661014,
  "sharpe_ratio": 0.5732926724118168,
  "weekly_sharpe_ratio": 0.5698202504572333,
  "max_drawdown": -0.05998324244422881,
  "average_turnover": 0.09999999999999999,
  "total_cost_bps_paid": 221.90000000000006,
  "average_gross_exposure": 0.42958700587949017,
  "average_net_exposure": 0.028883979940763162,
  "ex_ante_factor_exposure_l1": 0.10528304676739432,
  "ex_post_factor_beta_l1": 0.08543465131495305,
  "ex_post_factor_r2": 0.15603076341914357
}