{
  "run_id": 52,
  "horizon_days": 5,
  "long_short_quantile": 0.3,
  "weight_max": 0.2,
  "gross_exposure_target": 1.5,
  "turnover_cap": 0.2,
  "status": "ok",
  "error": null,
  "annualized_return": -0.0020407439679472894,
  "annualized_volatility": 0.07190818197029672,
  "sharpe_ratio": -0.02837985764666202,
  "weekly_sharpe_ratio": -0.028542163430070634,
  "max_drawdown": -0.2900531651240795,
  "average_turnover": 0.20000000000000004,
  "total_cost_bps_paid": 621.6000000000001,
  "average_gross_exposure": 0.6244621112490827,
  "average_net_exposure": -0.005744879402405032,
  "ex_ante_factor_exposure_l1": 0.02080510806933946,
  "ex_post_factor_beta_l1": 0.042654754443911314,
  "ex_post_factor_r2": 0.00619680997682559
}