{
  "run_id": 34,
  "horizon_days": 7,
  "long_short_quantile": 0.2,
  "weight_max": 0.12,
  "gross_exposure_target": 1.2,
  "turnover_cap": 0.1,
  "status": "ok",
  "error": null,
  "annualized_return": 0.022427906353507776,
  "annualized_volatility": 0.04289863291774413,
  "sharpe_ratio": 0.5228116801883199,
  "weekly_sharpe_ratio": 0.5408552071763663,
  "max_drawdown": -0.07625596043489913,
  "average_turnover": 0.09999999999999999,
  "total_cost_bps_paid": 221.90000000000006,
  "average_gross_exposure": 0.42865295218705957,
  "average_net_exposure": 0.027583208397171106,
  "ex_ante_factor_exposure_l1": 0.12990424813720103,
  "ex_post_factor_beta_l1": 0.1049528404719078,
  "ex_post_factor_r2": 0.17992550163674492
}