{
  "baseline_metrics": {
    "annualized_return": 0.46114852970960296,
    "average_turnover": 0.3443227494314729,
    "max_drawdown": -0.35585001384660264,
    "weekly_sharpe_ratio": 1.5605120372558312
  },
  "best_accepted": null,
  "best_overall": {
    "accepted": false,
    "annualized_return": 0.4625886823026826,
    "annualized_return_rel_improvement": 0.0031229690659244635,
    "average_turnover": 0.3447058676056192,
    "candidate_id": "refined_0011",
    "drawdown_worsening": -0.003185281884756641,
    "liquidity_impulse": 0.075,
    "max_drawdown": -0.352664731961846,
    "model_prediction": 1.0,
    "momentum_residual": 0.0,
    "reversal_regime": 0.0,
    "score": 0.6193046134591149,
    "stage": "refined",
    "turnover_excess": -0.0552941323943808,
    "vol_compression_breakout": 0.0,
    "weekly_sharpe_drop": -0.006647274308492435,
    "weekly_sharpe_ratio": 1.5671593115643236
  },
  "promotion_allowed": false,
  "schema_version": "signal_stack_tuning_v1",
  "search": {
    "coarse_grid_engineered": [
      0.0
    ],
    "coarse_grid_model": [
      1.0
    ],
    "drawdown_guardrail": 0.05,
    "n_candidates": 7,
    "refine_step": 0.075,
    "top_k_refine": 1,
    "turnover_cap": 0.4
  }
}