{
  "run_id": 35,
  "horizon_days": 7,
  "long_short_quantile": 0.2,
  "weight_max": 0.12,
  "gross_exposure_target": 1.2,
  "turnover_cap": 0.15,
  "status": "ok",
  "error": null,
  "annualized_return": 0.022929350475527244,
  "annualized_volatility": 0.04515738722157671,
  "sharpe_ratio": 0.5077652159771401,
  "weekly_sharpe_ratio": 0.5295773095723759,
  "max_drawdown": -0.08098808171726946,
  "average_turnover": 0.14999999999999997,
  "total_cost_bps_paid": 332.85,
  "average_gross_exposure": 0.4852122790443372,
  "average_net_exposure": 0.0261806223041337,
  "ex_ante_factor_exposure_l1": 0.12573550701470448,
  "ex_post_factor_beta_l1": 0.09965225713465073,
  "ex_post_factor_r2": 0.1512581791283858
}