{
  "run_id": 35,
  "horizon_days": 7,
  "long_short_quantile": 0.2,
  "weight_max": 0.15,
  "gross_exposure_target": 1.0,
  "turnover_cap": 0.15,
  "status": "ok",
  "error": null,
  "annualized_return": 0.01643235780667962,
  "annualized_volatility": 0.03396728921824098,
  "sharpe_ratio": 0.48377006775845927,
  "weekly_sharpe_ratio": 0.5022309219348732,
  "max_drawdown": -0.04265620089362343,
  "average_turnover": 0.15,
  "total_cost_bps_paid": 332.85,
  "average_gross_exposure": 0.4485869017807049,
  "average_net_exposure": 0.008258080839937015,
  "ex_ante_factor_exposure_l1": 0.07643123410763156,
  "ex_post_factor_beta_l1": 0.06652080528008954,
  "ex_post_factor_r2": 0.10977602286407184
}