{
  "run_id": 31,
  "horizon_days": 7,
  "long_short_quantile": 0.2,
  "weight_max": 0.12,
  "gross_exposure_target": 1.0,
  "turnover_cap": 0.15,
  "status": "ok",
  "error": null,
  "annualized_return": 0.02018351346258407,
  "annualized_volatility": 0.036389269808404894,
  "sharpe_ratio": 0.5546556325217123,
  "weekly_sharpe_ratio": 0.578675357149861,
  "max_drawdown": -0.055826278271758234,
  "average_turnover": 0.15,
  "total_cost_bps_paid": 332.85,
  "average_gross_exposure": 0.4356700815531033,
  "average_net_exposure": 0.02177641310674781,
  "ex_ante_factor_exposure_l1": 0.09876710369150209,
  "ex_post_factor_beta_l1": 0.07490425634657019,
  "ex_post_factor_r2": 0.1408127326036377
}