{
  "run_id": 114,
  "horizon_days": 10,
  "long_short_quantile": 0.35,
  "weight_max": 0.08,
  "gross_exposure_target": 1.0,
  "turnover_cap": 0.1,
  "status": "ok",
  "error": null,
  "annualized_return": 0.0062625877510242844,
  "annualized_volatility": 0.02881853366902717,
  "sharpe_ratio": 0.2173111173159731,
  "weekly_sharpe_ratio": 0.22257785297241886,
  "max_drawdown": -0.04799362414273989,
  "average_turnover": 0.10000000000000002,
  "total_cost_bps_paid": 154.00000000000003,
  "average_gross_exposure": 0.3399886821781503,
  "average_net_exposure": 0.016020261251025916,
  "ex_ante_factor_exposure_l1": 0.07296531886929718,
  "ex_post_factor_beta_l1": 0.11020380425122944,
  "ex_post_factor_r2": 0.16556080963404485
}