{
  "run_id": 92,
  "horizon_days": 10,
  "long_short_quantile": 0.3,
  "weight_max": 0.1,
  "gross_exposure_target": 1.0,
  "turnover_cap": 0.2,
  "status": "ok",
  "error": null,
  "annualized_return": 0.004072819982930742,
  "annualized_volatility": 0.032686503170761404,
  "sharpe_ratio": 0.12460249913101577,
  "weekly_sharpe_ratio": 0.12757583409281315,
  "max_drawdown": -0.0711188688244998,
  "average_turnover": 0.20000000000000004,
  "total_cost_bps_paid": 308.00000000000006,
  "average_gross_exposure": 0.4531189551193054,
  "average_net_exposure": 0.005679038030518804,
  "ex_ante_factor_exposure_l1": 0.0555296100229385,
  "ex_post_factor_beta_l1": 0.05829943096152785,
  "ex_post_factor_r2": 0.06367241282730618
}