{
  "run_id": 135,
  "horizon_days": 10,
  "long_short_quantile": 0.35,
  "weight_max": 0.12,
  "gross_exposure_target": 0.8,
  "turnover_cap": 0.15,
  "status": "ok",
  "error": null,
  "annualized_return": 0.0017448333946314953,
  "annualized_volatility": 0.02448721058030849,
  "sharpe_ratio": 0.07125488584782341,
  "weekly_sharpe_ratio": 0.07122588316942631,
  "max_drawdown": -0.04997737219948761,
  "average_turnover": 0.14999999999999994,
  "total_cost_bps_paid": 231.00000000000003,
  "average_gross_exposure": 0.3663771036675854,
  "average_net_exposure": -0.0028774267225773285,
  "ex_ante_factor_exposure_l1": 0.03144470091181535,
  "ex_post_factor_beta_l1": 0.03601916191079992,
  "ex_post_factor_r2": 0.032322541409230854
}