{
  "run_id": 127,
  "horizon_days": 10,
  "long_short_quantile": 0.35,
  "weight_max": 0.1,
  "gross_exposure_target": 1.0,
  "turnover_cap": 0.15,
  "status": "ok",
  "error": null,
  "annualized_return": 0.0020720476988540515,
  "annualized_volatility": 0.029943347612375895,
  "sharpe_ratio": 0.06919893278724963,
  "weekly_sharpe_ratio": 0.07065216992702122,
  "max_drawdown": -0.05776536058379389,
  "average_turnover": 0.14999999999999994,
  "total_cost_bps_paid": 231.00000000000003,
  "average_gross_exposure": 0.41387094606885366,
  "average_net_exposure": 0.005685022580165758,
  "ex_ante_factor_exposure_l1": 0.05574566318029893,
  "ex_post_factor_beta_l1": 0.0587199741462828,
  "ex_post_factor_r2": 0.06894842153497571
}