{
  "run_id": 61,
  "horizon_days": 7,
  "long_short_quantile": 0.25,
  "weight_max": 0.12,
  "gross_exposure_target": 0.8,
  "turnover_cap": 0.05,
  "status": "ok",
  "error": null,
  "annualized_return": 0.011551178124118655,
  "annualized_volatility": 0.02100019024172236,
  "sharpe_ratio": 0.5500511181641214,
  "weekly_sharpe_ratio": 0.5536875703614195,
  "max_drawdown": -0.026120767253561827,
  "average_turnover": 0.049999999999999996,
  "total_cost_bps_paid": 110.95000000000003,
  "average_gross_exposure": 0.26772408276445375,
  "average_net_exposure": 0.007494083492063723,
  "ex_ante_factor_exposure_l1": 0.06077529856629581,
  "ex_post_factor_beta_l1": 0.055689272809942486,
  "ex_post_factor_r2": 0.13637486166416812
}