{
  "run_id": 55,
  "horizon_days": 7,
  "long_short_quantile": 0.25,
  "weight_max": 0.1,
  "gross_exposure_target": 1.0,
  "turnover_cap": 0.15,
  "status": "ok",
  "error": null,
  "annualized_return": 0.023738716503351354,
  "annualized_volatility": 0.03346068495785709,
  "sharpe_ratio": 0.7094510029681007,
  "weekly_sharpe_ratio": 0.7324618252634507,
  "max_drawdown": -0.055184399391370764,
  "average_turnover": 0.15,
  "total_cost_bps_paid": 332.85,
  "average_gross_exposure": 0.42199719954915116,
  "average_net_exposure": 0.021975299570618934,
  "ex_ante_factor_exposure_l1": 0.09492022883027712,
  "ex_post_factor_beta_l1": 0.07886298089764328,
  "ex_post_factor_r2": 0.1394398310421906
}