{
  "run_id": 6,
  "horizon_days": 15,
  "long_short_quantile": 0.3,
  "weight_max": 0.12,
  "gross_exposure_target": 1.0,
  "turnover_cap": 0.3,
  "status": "ok",
  "error": null,
  "annualized_return": -0.008122241551992815,
  "annualized_volatility": 0.059043754294906436,
  "sharpe_ratio": -0.1375630945048747,
  "weekly_sharpe_ratio": -0.13866901767002696,
  "max_drawdown": -0.3062922084402516,
  "average_turnover": 0.30000000000000004,
  "total_cost_bps_paid": 306.6,
  "average_gross_exposure": 0.4878776524325345,
  "average_net_exposure": 0.01758366403464777,
  "ex_ante_factor_exposure_l1": 0.04631519088231821,
  "ex_post_factor_beta_l1": 0.10740873401988682,
  "ex_post_factor_r2": 0.052630810805622374
}