{
  "run_id": 51,
  "horizon_days": 7,
  "long_short_quantile": 0.25,
  "weight_max": 0.1,
  "gross_exposure_target": 0.8,
  "turnover_cap": 0.15,
  "status": "ok",
  "error": null,
  "annualized_return": 0.016281880833896478,
  "annualized_volatility": 0.026413520454321555,
  "sharpe_ratio": 0.6164222168738804,
  "weekly_sharpe_ratio": 0.636667640752038,
  "max_drawdown": -0.030279450045473832,
  "average_turnover": 0.15,
  "total_cost_bps_paid": 332.85,
  "average_gross_exposure": 0.377319792220756,
  "average_net_exposure": 0.006472082329949034,
  "ex_ante_factor_exposure_l1": 0.05459466886793458,
  "ex_post_factor_beta_l1": 0.050743583122911,
  "ex_post_factor_r2": 0.0864971065406015
}