{
  "run_id": 14,
  "horizon_days": 10,
  "long_short_quantile": 0.2,
  "weight_max": 0.1,
  "gross_exposure_target": 0.8,
  "turnover_cap": 0.1,
  "status": "ok",
  "error": null,
  "annualized_return": -0.00106743148855859,
  "annualized_volatility": 0.025619392766726305,
  "sharpe_ratio": -0.04166498005155446,
  "weekly_sharpe_ratio": -0.043129054967798314,
  "max_drawdown": -0.04514995537147848,
  "average_turnover": 0.10000000000000002,
  "total_cost_bps_paid": 154.00000000000003,
  "average_gross_exposure": 0.3241963640035718,
  "average_net_exposure": -0.0028800947840646567,
  "ex_ante_factor_exposure_l1": 0.03938480704838454,
  "ex_post_factor_beta_l1": 0.03839804735413605,
  "ex_post_factor_r2": 0.05455107569600759
}