{
  "run_id": 23,
  "horizon_days": 7,
  "long_short_quantile": 0.2,
  "weight_max": 0.1,
  "gross_exposure_target": 1.0,
  "turnover_cap": 0.15,
  "status": "ok",
  "error": null,
  "annualized_return": 0.01958407002780649,
  "annualized_volatility": 0.03861896915320278,
  "sharpe_ratio": 0.5071101186081847,
  "weekly_sharpe_ratio": 0.530571684700995,
  "max_drawdown": -0.068534727064826,
  "average_turnover": 0.15,
  "total_cost_bps_paid": 332.85,
  "average_gross_exposure": 0.42869104636179367,
  "average_net_exposure": 0.021240701908615153,
  "ex_ante_factor_exposure_l1": 0.1029048347695442,
  "ex_post_factor_beta_l1": 0.08201653911568997,
  "ex_post_factor_r2": 0.13987473292095443
}