{
  "run_id": 91,
  "horizon_days": 7,
  "long_short_quantile": 0.3,
  "weight_max": 0.1,
  "gross_exposure_target": 1.0,
  "turnover_cap": 0.15,
  "status": "ok",
  "error": null,
  "annualized_return": 0.021149514987999662,
  "annualized_volatility": 0.03302618653556079,
  "sharpe_ratio": 0.6403862270088926,
  "weekly_sharpe_ratio": 0.6461999526800258,
  "max_drawdown": -0.05565405673556578,
  "average_turnover": 0.15,
  "total_cost_bps_paid": 332.85,
  "average_gross_exposure": 0.42927231488722567,
  "average_net_exposure": 0.022222146980645726,
  "ex_ante_factor_exposure_l1": 0.08905306329717262,
  "ex_post_factor_beta_l1": 0.06886535069249335,
  "ex_post_factor_r2": 0.12160621128414328
}