{
  "run_id": 123,
  "horizon_days": 7,
  "long_short_quantile": 0.35,
  "weight_max": 0.1,
  "gross_exposure_target": 0.8,
  "turnover_cap": 0.15,
  "status": "ok",
  "error": null,
  "annualized_return": 0.01453816775704797,
  "annualized_volatility": 0.025660362534831616,
  "sharpe_ratio": 0.5665612766504653,
  "weekly_sharpe_ratio": 0.5596750052193449,
  "max_drawdown": -0.042729308562235,
  "average_turnover": 0.15,
  "total_cost_bps_paid": 332.85,
  "average_gross_exposure": 0.384188494947092,
  "average_net_exposure": 0.006314576393450407,
  "ex_ante_factor_exposure_l1": 0.04662930748884202,
  "ex_post_factor_beta_l1": 0.04225581573262342,
  "ex_post_factor_r2": 0.061899749444757846
}