{
  "run_id": 26,
  "horizon_days": 7,
  "long_short_quantile": 0.2,
  "weight_max": 0.12,
  "gross_exposure_target": 0.8,
  "turnover_cap": 0.1,
  "status": "ok",
  "error": null,
  "annualized_return": 0.01287336504033365,
  "annualized_volatility": 0.02613947934758575,
  "sharpe_ratio": 0.49248743133526257,
  "weekly_sharpe_ratio": 0.5097728609714514,
  "max_drawdown": -0.03283715235732698,
  "average_turnover": 0.09999999999999999,
  "total_cost_bps_paid": 221.90000000000003,
  "average_gross_exposure": 0.33830386460115675,
  "average_net_exposure": 0.006741975150907437,
  "ex_ante_factor_exposure_l1": 0.06258292267118498,
  "ex_post_factor_beta_l1": 0.053348652961611474,
  "ex_post_factor_r2": 0.11765583293377735
}