{
  "run_id": 132,
  "horizon_days": 10,
  "long_short_quantile": 0.35,
  "weight_max": 0.1,
  "gross_exposure_target": 1.2,
  "turnover_cap": 0.2,
  "status": "ok",
  "error": null,
  "annualized_return": 0.007433737041950383,
  "annualized_volatility": 0.0375438286969426,
  "sharpe_ratio": 0.1980015704300226,
  "weekly_sharpe_ratio": 0.20229106735047436,
  "max_drawdown": -0.06960628568002691,
  "average_turnover": 0.20000000000000004,
  "total_cost_bps_paid": 308.00000000000006,
  "average_gross_exposure": 0.4982980406960533,
  "average_net_exposure": 0.020071817429963244,
  "ex_ante_factor_exposure_l1": 0.08647457807927508,
  "ex_post_factor_beta_l1": 0.09268016620533105,
  "ex_post_factor_r2": 0.1010241715115564
}