{
  "run_id": 124,
  "horizon_days": 10,
  "long_short_quantile": 0.35,
  "weight_max": 0.1,
  "gross_exposure_target": 0.8,
  "turnover_cap": 0.2,
  "status": "ok",
  "error": null,
  "annualized_return": 0.002246321735764223,
  "annualized_volatility": 0.026751598776605132,
  "sharpe_ratio": 0.0839696256856499,
  "weekly_sharpe_ratio": 0.08403483235881914,
  "max_drawdown": -0.056345685873957496,
  "average_turnover": 0.20000000000000004,
  "total_cost_bps_paid": 308.00000000000006,
  "average_gross_exposure": 0.4016333092450744,
  "average_net_exposure": -0.002681495987781703,
  "ex_ante_factor_exposure_l1": 0.031001486288723817,
  "ex_post_factor_beta_l1": 0.03700011264495379,
  "ex_post_factor_r2": 0.030695892708188843
}