{
  "run_id": 122,
  "horizon_days": 7,
  "long_short_quantile": 0.35,
  "weight_max": 0.1,
  "gross_exposure_target": 0.8,
  "turnover_cap": 0.1,
  "status": "ok",
  "error": null,
  "annualized_return": 0.012802942513760573,
  "annualized_volatility": 0.023240825016811312,
  "sharpe_ratio": 0.5508815846468244,
  "weekly_sharpe_ratio": 0.5448193171355793,
  "max_drawdown": -0.03893830389029129,
  "average_turnover": 0.09999999999999999,
  "total_cost_bps_paid": 221.90000000000006,
  "average_gross_exposure": 0.3352565794340804,
  "average_net_exposure": 0.006657401140266741,
  "ex_ante_factor_exposure_l1": 0.04947424698837159,
  "ex_post_factor_beta_l1": 0.04338203369511981,
  "ex_post_factor_r2": 0.07810079820916871
}