{
  "run_id": 117,
  "horizon_days": 7,
  "long_short_quantile": 0.35,
  "weight_max": 0.08,
  "gross_exposure_target": 1.2,
  "turnover_cap": 0.05,
  "status": "ok",
  "error": null,
  "annualized_return": 0.030672638722716528,
  "annualized_volatility": 0.05083761019142647,
  "sharpe_ratio": 0.6033454091807275,
  "weekly_sharpe_ratio": 0.6479736014317652,
  "max_drawdown": -0.10251532489439574,
  "average_turnover": 0.049999999999999996,
  "total_cost_bps_paid": 110.95000000000003,
  "average_gross_exposure": 0.3303039898418862,
  "average_net_exposure": 0.09122689492015776,
  "ex_ante_factor_exposure_l1": 0.19958170799428554,
  "ex_post_factor_beta_l1": 0.30988118897644545,
  "ex_post_factor_r2": 0.5342628583153609
}