{
  "run_id": 59,
  "horizon_days": 7,
  "long_short_quantile": 0.25,
  "weight_max": 0.1,
  "gross_exposure_target": 1.2,
  "turnover_cap": 0.15,
  "status": "ok",
  "error": null,
  "annualized_return": 0.028054174923504593,
  "annualized_volatility": 0.043498014907743895,
  "sharpe_ratio": 0.6449529934413201,
  "weekly_sharpe_ratio": 0.6762442457883551,
  "max_drawdown": -0.08427804740497313,
  "average_turnover": 0.15,
  "total_cost_bps_paid": 332.85,
  "average_gross_exposure": 0.46207023338171915,
  "average_net_exposure": 0.04186725405683173,
  "ex_ante_factor_exposure_l1": 0.13966936656060092,
  "ex_post_factor_beta_l1": 0.1321842974087384,
  "ex_post_factor_r2": 0.19808357340958205
}