{
  "run_id": 31,
  "horizon_days": 5,
  "long_short_quantile": 0.2,
  "weight_max": 0.2,
  "gross_exposure_target": 1.0,
  "turnover_cap": 0.2,
  "status": "ok",
  "error": null,
  "annualized_return": -0.0004194826098268267,
  "annualized_volatility": 0.05688325963892536,
  "sharpe_ratio": -0.007374447464676825,
  "weekly_sharpe_ratio": -0.007621540976642927,
  "max_drawdown": -0.2152043178507389,
  "average_turnover": 0.20000000000000004,
  "total_cost_bps_paid": 621.6000000000001,
  "average_gross_exposure": 0.4966851516149096,
  "average_net_exposure": -0.00018686839923820074,
  "ex_ante_factor_exposure_l1": 0.016154035554843384,
  "ex_post_factor_beta_l1": 0.033389045466340236,
  "ex_post_factor_r2": 0.006060021777245739
}