{
  "run_id": 115,
  "horizon_days": 10,
  "long_short_quantile": 0.35,
  "weight_max": 0.08,
  "gross_exposure_target": 1.0,
  "turnover_cap": 0.15,
  "status": "ok",
  "error": null,
  "annualized_return": 0.006783504431197684,
  "annualized_volatility": 0.030871023670246026,
  "sharpe_ratio": 0.21973694502834812,
  "weekly_sharpe_ratio": 0.22436957264611537,
  "max_drawdown": -0.0592776115960687,
  "average_turnover": 0.14999999999999994,
  "total_cost_bps_paid": 231.00000000000003,
  "average_gross_exposure": 0.39118453309410706,
  "average_net_exposure": 0.015463569559998152,
  "ex_ante_factor_exposure_l1": 0.07046509838649083,
  "ex_post_factor_beta_l1": 0.0881351017098514,
  "ex_post_factor_r2": 0.10653778036993522
}