{
  "run_id": 106,
  "horizon_days": 10,
  "long_short_quantile": 0.3,
  "weight_max": 0.12,
  "gross_exposure_target": 1.2,
  "turnover_cap": 0.1,
  "status": "ok",
  "error": null,
  "annualized_return": 0.0036665578581043246,
  "annualized_volatility": 0.031894344695788564,
  "sharpe_ratio": 0.11495949808896588,
  "weekly_sharpe_ratio": 0.11752950728130518,
  "max_drawdown": -0.056133794081683064,
  "average_turnover": 0.1,
  "total_cost_bps_paid": 154.00000000000003,
  "average_gross_exposure": 0.4076091608115596,
  "average_net_exposure": 0.007183481254174368,
  "ex_ante_factor_exposure_l1": 0.0710620885393714,
  "ex_post_factor_beta_l1": 0.08244841511131593,
  "ex_post_factor_r2": 0.10721958617464011
}