{
  "run_id": 27,
  "horizon_days": 7,
  "long_short_quantile": 0.2,
  "weight_max": 0.12,
  "gross_exposure_target": 0.8,
  "turnover_cap": 0.2,
  "status": "ok",
  "error": null,
  "annualized_return": 0.013309112507871257,
  "annualized_volatility": 0.031072002351395157,
  "sharpe_ratio": 0.42833134335398465,
  "weekly_sharpe_ratio": 0.4450397566863583,
  "max_drawdown": -0.04350573355564791,
  "average_turnover": 0.19999999999999998,
  "total_cost_bps_paid": 443.8000000000001,
  "average_gross_exposure": 0.4271554362436425,
  "average_net_exposure": 0.006181755827560086,
  "ex_ante_factor_exposure_l1": 0.05697342308547044,
  "ex_post_factor_beta_l1": 0.05366050808282409,
  "ex_post_factor_r2": 0.08799142404001636
}