{
  "run_id": 2,
  "horizon_days": 10,
  "long_short_quantile": 0.2,
  "weight_max": 0.08,
  "gross_exposure_target": 0.8,
  "turnover_cap": 0.1,
  "status": "ok",
  "error": null,
  "annualized_return": 0.005380278514920622,
  "annualized_volatility": 0.028558010315769797,
  "sharpe_ratio": 0.18839822716744453,
  "weekly_sharpe_ratio": 0.1974370993088523,
  "max_drawdown": -0.042056780010310546,
  "average_turnover": 0.1,
  "total_cost_bps_paid": 154.00000000000003,
  "average_gross_exposure": 0.32045890636443036,
  "average_net_exposure": 0.004549980625448351,
  "ex_ante_factor_exposure_l1": 0.05294630362225912,
  "ex_post_factor_beta_l1": 0.049317230542444766,
  "ex_post_factor_r2": 0.0788375503688643
}