{
  "run_id": 90,
  "horizon_days": 7,
  "long_short_quantile": 0.3,
  "weight_max": 0.1,
  "gross_exposure_target": 1.0,
  "turnover_cap": 0.1,
  "status": "ok",
  "error": null,
  "annualized_return": 0.019471163267854585,
  "annualized_volatility": 0.03094198316474455,
  "sharpe_ratio": 0.6292797447462942,
  "weekly_sharpe_ratio": 0.6366574627875025,
  "max_drawdown": -0.0548451850588344,
  "average_turnover": 0.09999999999999999,
  "total_cost_bps_paid": 221.90000000000006,
  "average_gross_exposure": 0.3758682748351122,
  "average_net_exposure": 0.023578387043120066,
  "ex_ante_factor_exposure_l1": 0.09336760697541863,
  "ex_post_factor_beta_l1": 0.07286777120653648,
  "ex_post_factor_r2": 0.1542286559150341
}