{
  "run_id": 49,
  "horizon_days": 7,
  "long_short_quantile": 0.25,
  "weight_max": 0.15,
  "gross_exposure_target": 0.8,
  "turnover_cap": 0.1,
  "status": "ok",
  "error": null,
  "annualized_return": 0.012289678325719366,
  "annualized_volatility": 0.02378363008634499,
  "sharpe_ratio": 0.5167284506655399,
  "weekly_sharpe_ratio": 0.5237771349678487,
  "max_drawdown": -0.03257307879995286,
  "average_turnover": 0.09999999999999999,
  "total_cost_bps_paid": 221.90000000000006,
  "average_gross_exposure": 0.33630058849651195,
  "average_net_exposure": 0.005473873551082666,
  "ex_ante_factor_exposure_l1": 0.05386078773776226,
  "ex_post_factor_beta_l1": 0.04792964958147475,
  "ex_post_factor_r2": 0.08375270153625314
}