{
  "run_id": 138,
  "horizon_days": 10,
  "long_short_quantile": 0.35,
  "weight_max": 0.12,
  "gross_exposure_target": 1.0,
  "turnover_cap": 0.1,
  "status": "ok",
  "error": null,
  "annualized_return": 0.001694170672086548,
  "annualized_volatility": 0.027116134683077088,
  "sharpe_ratio": 0.06247832487511073,
  "weekly_sharpe_ratio": 0.06318993905920715,
  "max_drawdown": -0.05617806594614594,
  "average_turnover": 0.10000000000000002,
  "total_cost_bps_paid": 154.00000000000003,
  "average_gross_exposure": 0.36921935210666224,
  "average_net_exposure": 0.005803667711950586,
  "ex_ante_factor_exposure_l1": 0.05631828027753724,
  "ex_post_factor_beta_l1": 0.06335664992658974,
  "ex_post_factor_r2": 0.08247686362150586
}