{
  "run_id": 96,
  "horizon_days": 10,
  "long_short_quantile": 0.3,
  "weight_max": 0.1,
  "gross_exposure_target": 1.2,
  "turnover_cap": 0.2,
  "status": "ok",
  "error": null,
  "annualized_return": 0.010870514032946588,
  "annualized_volatility": 0.03804937816902533,
  "sharpe_ratio": 0.2856949194979458,
  "weekly_sharpe_ratio": 0.29417610572872865,
  "max_drawdown": -0.07538100844297968,
  "average_turnover": 0.2,
  "total_cost_bps_paid": 308.00000000000006,
  "average_gross_exposure": 0.4938017503060683,
  "average_net_exposure": 0.020131870172235136,
  "ex_ante_factor_exposure_l1": 0.08717969267354404,
  "ex_post_factor_beta_l1": 0.09747003194413867,
  "ex_post_factor_r2": 0.11027888477440895
}