{
  "run_id": 109,
  "horizon_days": 7,
  "long_short_quantile": 0.35,
  "weight_max": 0.08,
  "gross_exposure_target": 0.8,
  "turnover_cap": 0.05,
  "status": "ok",
  "error": null,
  "annualized_return": 0.012474961142332264,
  "annualized_volatility": 0.022276218429653424,
  "sharpe_ratio": 0.5600125165645699,
  "weekly_sharpe_ratio": 0.5566128169512679,
  "max_drawdown": -0.03754487277501972,
  "average_turnover": 0.049999999999999996,
  "total_cost_bps_paid": 110.95000000000003,
  "average_gross_exposure": 0.2628711822196547,
  "average_net_exposure": 0.019808720692611862,
  "ex_ante_factor_exposure_l1": 0.07226929901206486,
  "ex_post_factor_beta_l1": 0.06140155950246868,
  "ex_post_factor_r2": 0.18794119281069332
}