{
  "run_id": 137,
  "horizon_days": 10,
  "long_short_quantile": 0.35,
  "weight_max": 0.12,
  "gross_exposure_target": 1.0,
  "turnover_cap": 0.05,
  "status": "ok",
  "error": null,
  "annualized_return": 0.0017442377745728876,
  "annualized_volatility": 0.023172855730249024,
  "sharpe_ratio": 0.07527073032677718,
  "weekly_sharpe_ratio": 0.07558205375411037,
  "max_drawdown": -0.04890719605465621,
  "average_turnover": 0.05000000000000001,
  "total_cost_bps_paid": 77.00000000000001,
  "average_gross_exposure": 0.2957175048720903,
  "average_net_exposure": 0.006198408685277929,
  "ex_ante_factor_exposure_l1": 0.0609675804927117,
  "ex_post_factor_beta_l1": 0.07202309640203888,
  "ex_post_factor_r2": 0.1271144319063483
}