{
  "run_id": 118,
  "horizon_days": 10,
  "long_short_quantile": 0.35,
  "weight_max": 0.08,
  "gross_exposure_target": 1.2,
  "turnover_cap": 0.1,
  "status": "ok",
  "error": null,
  "annualized_return": 0.005288287014392434,
  "annualized_volatility": 0.03060804822940532,
  "sharpe_ratio": 0.17277439498125033,
  "weekly_sharpe_ratio": 0.17314153103556404,
  "max_drawdown": -0.05407911838312107,
  "average_turnover": 0.10000000000000002,
  "total_cost_bps_paid": 154.00000000000003,
  "average_gross_exposure": 0.3631857214553051,
  "average_net_exposure": 0.0045086910558897915,
  "ex_ante_factor_exposure_l1": 0.06783168113083696,
  "ex_post_factor_beta_l1": 0.09499358800291932,
  "ex_post_factor_r2": 0.11616269562606973
}