{
  "run_id": 139,
  "horizon_days": 7,
  "long_short_quantile": 0.35,
  "weight_max": 0.12,
  "gross_exposure_target": 1.0,
  "turnover_cap": 0.15,
  "status": "ok",
  "error": null,
  "annualized_return": 0.019091872635383478,
  "annualized_volatility": 0.03199923274001236,
  "sharpe_ratio": 0.5966353253061187,
  "weekly_sharpe_ratio": 0.5894001688037499,
  "max_drawdown": -0.05086860835846074,
  "average_turnover": 0.14999999999999997,
  "total_cost_bps_paid": 332.85,
  "average_gross_exposure": 0.43588764451246453,
  "average_net_exposure": 0.022108262155442506,
  "ex_ante_factor_exposure_l1": 0.07927336170565186,
  "ex_post_factor_beta_l1": 0.06200137360162424,
  "ex_post_factor_r2": 0.09671137549228959
}