{
  "run_id": 78,
  "horizon_days": 7,
  "long_short_quantile": 0.3,
  "weight_max": 0.08,
  "gross_exposure_target": 1.0,
  "turnover_cap": 0.1,
  "status": "ok",
  "error": null,
  "annualized_return": 0.02478205630694008,
  "annualized_volatility": 0.03601706285507295,
  "sharpe_ratio": 0.6880643323598933,
  "weekly_sharpe_ratio": 0.7037799618465703,
  "max_drawdown": -0.07826862041801375,
  "average_turnover": 0.09999999999999999,
  "total_cost_bps_paid": 221.90000000000006,
  "average_gross_exposure": 0.3608228397530752,
  "average_net_exposure": 0.05237783533784036,
  "ex_ante_factor_exposure_l1": 0.13497985615381355,
  "ex_post_factor_beta_l1": 0.12151670766445778,
  "ex_post_factor_r2": 0.2535741497357191
}