{
  "run_id": 53,
  "horizon_days": 7,
  "long_short_quantile": 0.25,
  "weight_max": 0.15,
  "gross_exposure_target": 1.0,
  "turnover_cap": 0.15,
  "status": "ok",
  "error": null,
  "annualized_return": 0.017577858720305928,
  "annualized_volatility": 0.03100759213915846,
  "sharpe_ratio": 0.5668888651985148,
  "weekly_sharpe_ratio": 0.5805308826910075,
  "max_drawdown": -0.03776961982500271,
  "average_turnover": 0.15,
  "total_cost_bps_paid": 332.85,
  "average_gross_exposure": 0.4400746794904695,
  "average_net_exposure": 0.008359855457304131,
  "ex_ante_factor_exposure_l1": 0.06734409984652787,
  "ex_post_factor_beta_l1": 0.062347265468696164,
  "ex_post_factor_r2": 0.08889171785704342
}