{
  "run_id": 131,
  "horizon_days": 10,
  "long_short_quantile": 0.35,
  "weight_max": 0.1,
  "gross_exposure_target": 1.2,
  "turnover_cap": 0.15,
  "status": "ok",
  "error": null,
  "annualized_return": 0.006883979273197172,
  "annualized_volatility": 0.03527027555198208,
  "sharpe_ratio": 0.1951779271769912,
  "weekly_sharpe_ratio": 0.1997785976771386,
  "max_drawdown": -0.06181461624864637,
  "average_turnover": 0.14999999999999994,
  "total_cost_bps_paid": 231.00000000000003,
  "average_gross_exposure": 0.4517089510790875,
  "average_net_exposure": 0.020477647862084006,
  "ex_ante_factor_exposure_l1": 0.08862646022098972,
  "ex_post_factor_beta_l1": 0.10365954881457316,
  "ex_post_factor_r2": 0.12889299105795482
}