{
  "run_id": 136,
  "horizon_days": 7,
  "long_short_quantile": 0.35,
  "weight_max": 0.12,
  "gross_exposure_target": 0.8,
  "turnover_cap": 0.2,
  "status": "ok",
  "error": null,
  "annualized_return": 0.013644969522149442,
  "annualized_volatility": 0.027603173964424823,
  "sharpe_ratio": 0.494326106835945,
  "weekly_sharpe_ratio": 0.4866004885914207,
  "max_drawdown": -0.04831868967313957,
  "average_turnover": 0.19999999999999998,
  "total_cost_bps_paid": 443.8000000000001,
  "average_gross_exposure": 0.42621049399343514,
  "average_net_exposure": 0.006086831322031758,
  "ex_ante_factor_exposure_l1": 0.04328137193470527,
  "ex_post_factor_beta_l1": 0.04099447026809686,
  "ex_post_factor_r2": 0.04804443556049309
}