{
  "run_id": 76,
  "horizon_days": 7,
  "long_short_quantile": 0.3,
  "weight_max": 0.08,
  "gross_exposure_target": 0.8,
  "turnover_cap": 0.2,
  "status": "ok",
  "error": null,
  "annualized_return": 0.018710983165659112,
  "annualized_volatility": 0.029463987688769504,
  "sharpe_ratio": 0.6350458520178853,
  "weekly_sharpe_ratio": 0.6364289649209361,
  "max_drawdown": -0.04184453270121813,
  "average_turnover": 0.19999999999999998,
  "total_cost_bps_paid": 443.8000000000001,
  "average_gross_exposure": 0.41150035776049215,
  "average_net_exposure": 0.016432297937056636,
  "ex_ante_factor_exposure_l1": 0.06693636816654025,
  "ex_post_factor_beta_l1": 0.053224940826203264,
  "ex_post_factor_r2": 0.08764910791229663
}