{
  "run_id": 99,
  "horizon_days": 10,
  "long_short_quantile": 0.3,
  "weight_max": 0.12,
  "gross_exposure_target": 0.8,
  "turnover_cap": 0.15,
  "status": "ok",
  "error": null,
  "annualized_return": 0.0006569566168959096,
  "annualized_volatility": 0.02509103990550538,
  "sharpe_ratio": 0.02618291706402183,
  "weekly_sharpe_ratio": 0.02648515935241375,
  "max_drawdown": -0.05118714315769535,
  "average_turnover": 0.14999999999999994,
  "total_cost_bps_paid": 231.00000000000003,
  "average_gross_exposure": 0.36787984112002414,
  "average_net_exposure": -0.0028319606062449727,
  "ex_ante_factor_exposure_l1": 0.03167073357094923,
  "ex_post_factor_beta_l1": 0.03761575592375379,
  "ex_post_factor_r2": 0.03555993606419894
}