{
  "run_id": 2,
  "horizon_days": 7,
  "long_short_quantile": 0.2,
  "weight_max": 0.08,
  "gross_exposure_target": 0.8,
  "turnover_cap": 0.1,
  "status": "ok",
  "error": null,
  "annualized_return": 0.015458386070498431,
  "annualized_volatility": 0.03010492481438447,
  "sharpe_ratio": 0.5134836298648466,
  "weekly_sharpe_ratio": 0.5354215789665823,
  "max_drawdown": -0.05462398253645806,
  "average_turnover": 0.09999999999999999,
  "total_cost_bps_paid": 221.90000000000003,
  "average_gross_exposure": 0.32347485269622483,
  "average_net_exposure": 0.017453748202755786,
  "ex_ante_factor_exposure_l1": 0.08382367134313631,
  "ex_post_factor_beta_l1": 0.06643483808976709,
  "ex_post_factor_r2": 0.15125817912838535
}