{
  "run_id": 104,
  "horizon_days": 7,
  "long_short_quantile": 0.3,
  "weight_max": 0.12,
  "gross_exposure_target": 1.0,
  "turnover_cap": 0.2,
  "status": "ok",
  "error": null,
  "annualized_return": 0.020643912828895994,
  "annualized_volatility": 0.034900314725692376,
  "sharpe_ratio": 0.5915107927006364,
  "weekly_sharpe_ratio": 0.5894143028807851,
  "max_drawdown": -0.05277446849283407,
  "average_turnover": 0.19999999999999998,
  "total_cost_bps_paid": 443.8000000000001,
  "average_gross_exposure": 0.4802071016024313,
  "average_net_exposure": 0.021354129836709392,
  "ex_ante_factor_exposure_l1": 0.08185841474929784,
  "ex_post_factor_beta_l1": 0.06373611521110162,
  "ex_post_factor_r2": 0.08982886763607778
}