{
  "run_id": 68,
  "horizon_days": 10,
  "long_short_quantile": 0.25,
  "weight_max": 0.12,
  "gross_exposure_target": 1.0,
  "turnover_cap": 0.2,
  "status": "ok",
  "error": null,
  "annualized_return": 0.0038788933568216777,
  "annualized_volatility": 0.034607334060489006,
  "sharpe_ratio": 0.11208298651499388,
  "weekly_sharpe_ratio": 0.1153741015555803,
  "max_drawdown": -0.06672888906474661,
  "average_turnover": 0.2,
  "total_cost_bps_paid": 308.00000000000006,
  "average_gross_exposure": 0.45928754297365565,
  "average_net_exposure": 0.005885393534473483,
  "ex_ante_factor_exposure_l1": 0.05833082965656143,
  "ex_post_factor_beta_l1": 0.05406233804550192,
  "ex_post_factor_r2": 0.0629037575666147
}