{
  "run_id": 52,
  "horizon_days": 10,
  "long_short_quantile": 0.25,
  "weight_max": 0.1,
  "gross_exposure_target": 0.8,
  "turnover_cap": 0.2,
  "status": "ok",
  "error": null,
  "annualized_return": 0.0009293859475385524,
  "annualized_volatility": 0.0289558650392754,
  "sharpe_ratio": 0.03209663901520276,
  "weekly_sharpe_ratio": 0.032784388695880226,
  "max_drawdown": -0.05968099177020236,
  "average_turnover": 0.20000000000000004,
  "total_cost_bps_paid": 308.00000000000006,
  "average_gross_exposure": 0.3994888460249549,
  "average_net_exposure": -0.0026186940282765165,
  "ex_ante_factor_exposure_l1": 0.03543667886155753,
  "ex_post_factor_beta_l1": 0.03675324727832865,
  "ex_post_factor_r2": 0.04026291507656077
}