{
  "run_id": 59,
  "horizon_days": 10,
  "long_short_quantile": 0.25,
  "weight_max": 0.1,
  "gross_exposure_target": 1.2,
  "turnover_cap": 0.15,
  "status": "ok",
  "error": null,
  "annualized_return": 0.012583369935224464,
  "annualized_volatility": 0.03966678909715816,
  "sharpe_ratio": 0.317226834377829,
  "weekly_sharpe_ratio": 0.3334999599919118,
  "max_drawdown": -0.06272948313601956,
  "average_turnover": 0.14999999999999994,
  "total_cost_bps_paid": 231.00000000000003,
  "average_gross_exposure": 0.45191912737201406,
  "average_net_exposure": 0.019887094433396004,
  "ex_ante_factor_exposure_l1": 0.09639778539569062,
  "ex_post_factor_beta_l1": 0.10344513740374427,
  "ex_post_factor_r2": 0.12184598737215946
}