{
  "run_id": 58,
  "horizon_days": 7,
  "long_short_quantile": 0.25,
  "weight_max": 0.1,
  "gross_exposure_target": 1.2,
  "turnover_cap": 0.1,
  "status": "ok",
  "error": null,
  "annualized_return": 0.02742587940827268,
  "annualized_volatility": 0.0419455347480623,
  "sharpe_ratio": 0.653845029584219,
  "weekly_sharpe_ratio": 0.67873710258267,
  "max_drawdown": -0.08125625374563117,
  "average_turnover": 0.09999999999999999,
  "total_cost_bps_paid": 221.90000000000003,
  "average_gross_exposure": 0.4064695005509377,
  "average_net_exposure": 0.04408252792376487,
  "ex_ante_factor_exposure_l1": 0.14541274221786077,
  "ex_post_factor_beta_l1": 0.14727257545867323,
  "ex_post_factor_r2": 0.24908242660009983
}