{
  "run_id": 119,
  "horizon_days": 7,
  "long_short_quantile": 0.35,
  "weight_max": 0.08,
  "gross_exposure_target": 1.2,
  "turnover_cap": 0.15,
  "status": "ok",
  "error": null,
  "annualized_return": 0.02821103115422985,
  "annualized_volatility": 0.0530354675180099,
  "sharpe_ratio": 0.531927641528754,
  "weekly_sharpe_ratio": 0.5671113777592759,
  "max_drawdown": -0.11137157738416303,
  "average_turnover": 0.15,
  "total_cost_bps_paid": 332.85,
  "average_gross_exposure": 0.4524698461731194,
  "average_net_exposure": 0.08469100236453565,
  "ex_ante_factor_exposure_l1": 0.18619787716124772,
  "ex_post_factor_beta_l1": 0.2750537124776805,
  "ex_post_factor_r2": 0.3801863382119639
}