{
  "run_id": 60,
  "horizon_days": 10,
  "long_short_quantile": 0.25,
  "weight_max": 0.1,
  "gross_exposure_target": 1.2,
  "turnover_cap": 0.2,
  "status": "ok",
  "error": null,
  "annualized_return": 0.012291983605051682,
  "annualized_volatility": 0.04222827019068045,
  "sharpe_ratio": 0.2910842321872909,
  "weekly_sharpe_ratio": 0.3056640235491345,
  "max_drawdown": -0.07527444735760624,
  "average_turnover": 0.20000000000000004,
  "total_cost_bps_paid": 308.00000000000006,
  "average_gross_exposure": 0.4978956871497163,
  "average_net_exposure": 0.01941772434502001,
  "ex_ante_factor_exposure_l1": 0.09540000503424112,
  "ex_post_factor_beta_l1": 0.09225675794528466,
  "ex_post_factor_r2": 0.09788023817395475
}