{
  "run_id": 52,
  "horizon_days": 7,
  "long_short_quantile": 0.25,
  "weight_max": 0.1,
  "gross_exposure_target": 0.8,
  "turnover_cap": 0.2,
  "status": "ok",
  "error": null,
  "annualized_return": 0.01652720550790976,
  "annualized_volatility": 0.028599535574677905,
  "sharpe_ratio": 0.5778837025081969,
  "weekly_sharpe_ratio": 0.5968901961375105,
  "max_drawdown": -0.03504586594412884,
  "average_turnover": 0.19999999999999998,
  "total_cost_bps_paid": 443.8000000000001,
  "average_gross_exposure": 0.4170233631234476,
  "average_net_exposure": 0.006192916966058658,
  "ex_ante_factor_exposure_l1": 0.05259250006732113,
  "ex_post_factor_beta_l1": 0.050760123682150486,
  "ex_post_factor_r2": 0.0740229517339056
}