{
  "run_id": 15,
  "horizon_days": 15,
  "long_short_quantile": 0.35,
  "weight_max": 0.12,
  "gross_exposure_target": 1.0,
  "turnover_cap": 0.3,
  "status": "ok",
  "error": null,
  "annualized_return": -0.006438716241389808,
  "annualized_volatility": 0.0586626151745962,
  "sharpe_ratio": -0.10975842488825982,
  "weekly_sharpe_ratio": -0.11017885142896655,
  "max_drawdown": -0.3134608684786837,
  "average_turnover": 0.3,
  "total_cost_bps_paid": 306.59999999999997,
  "average_gross_exposure": 0.4887005822360879,
  "average_net_exposure": 0.017026281248576528,
  "ex_ante_factor_exposure_l1": 0.04839370568021384,
  "ex_post_factor_beta_l1": 0.10563862670963434,
  "ex_post_factor_r2": 0.05741563886214551
}