{
  "run_id": 88,
  "horizon_days": 7,
  "long_short_quantile": 0.3,
  "weight_max": 0.1,
  "gross_exposure_target": 0.8,
  "turnover_cap": 0.2,
  "status": "ok",
  "error": null,
  "annualized_return": 0.014838572377689596,
  "annualized_volatility": 0.028461413254373295,
  "sharpe_ratio": 0.5213575392434017,
  "weekly_sharpe_ratio": 0.5190518585853232,
  "max_drawdown": -0.044321008342965595,
  "average_turnover": 0.19999999999999998,
  "total_cost_bps_paid": 443.8000000000001,
  "average_gross_exposure": 0.42439457728585905,
  "average_net_exposure": 0.006137709647176729,
  "ex_ante_factor_exposure_l1": 0.0490837151414109,
  "ex_post_factor_beta_l1": 0.04416856252652799,
  "ex_post_factor_r2": 0.06089379608265766
}