{
  "run_id": 29,
  "horizon_days": 7,
  "long_short_quantile": 0.2,
  "weight_max": 0.12,
  "gross_exposure_target": 1.0,
  "turnover_cap": 0.05,
  "status": "ok",
  "error": null,
  "annualized_return": 0.017683506459208465,
  "annualized_volatility": 0.031092755368693475,
  "sharpe_ratio": 0.5687339783663415,
  "weekly_sharpe_ratio": 0.5829291568068544,
  "max_drawdown": -0.046013521894411435,
  "average_turnover": 0.049999999999999996,
  "total_cost_bps_paid": 110.95000000000003,
  "average_gross_exposure": 0.3117620030115222,
  "average_net_exposure": 0.024752753666709853,
  "ex_ante_factor_exposure_l1": 0.10758702780672816,
  "ex_post_factor_beta_l1": 0.09145280093739538,
  "ex_post_factor_r2": 0.24039094628782798
}