{
  "run_id": 139,
  "horizon_days": 10,
  "long_short_quantile": 0.35,
  "weight_max": 0.12,
  "gross_exposure_target": 1.0,
  "turnover_cap": 0.15,
  "status": "ok",
  "error": null,
  "annualized_return": 0.002834684585504954,
  "annualized_volatility": 0.029775093790651002,
  "sharpe_ratio": 0.09520321263924982,
  "weekly_sharpe_ratio": 0.09630535882249798,
  "max_drawdown": -0.059798779505289,
  "average_turnover": 0.14999999999999994,
  "total_cost_bps_paid": 231.00000000000003,
  "average_gross_exposure": 0.42001589543837925,
  "average_net_exposure": 0.005656910631587102,
  "ex_ante_factor_exposure_l1": 0.05361025704768781,
  "ex_post_factor_beta_l1": 0.05609631575036981,
  "ex_post_factor_r2": 0.061520345699176304
}