{
  "run_id": 52,
  "horizon_days": 7,
  "long_short_quantile": 0.25,
  "weight_max": 0.15,
  "gross_exposure_target": 1.0,
  "turnover_cap": 0.1,
  "status": "ok",
  "error": null,
  "annualized_return": 0.016141222969517477,
  "annualized_volatility": 0.028498978333066232,
  "sharpe_ratio": 0.5663790042181778,
  "weekly_sharpe_ratio": 0.5760323689816645,
  "max_drawdown": -0.03350430556317141,
  "average_turnover": 0.09999999999999999,
  "total_cost_bps_paid": 221.90000000000006,
  "average_gross_exposure": 0.385875262028395,
  "average_net_exposure": 0.00878857076716818,
  "ex_ante_factor_exposure_l1": 0.07144193609104174,
  "ex_post_factor_beta_l1": 0.06477213108433329,
  "ex_post_factor_r2": 0.10816650502083125
}