{
  "run_id": 142,
  "horizon_days": 10,
  "long_short_quantile": 0.35,
  "weight_max": 0.12,
  "gross_exposure_target": 1.2,
  "turnover_cap": 0.1,
  "status": "ok",
  "error": null,
  "annualized_return": 0.0015803131901626077,
  "annualized_volatility": 0.03142195506223148,
  "sharpe_ratio": 0.0502932801931892,
  "weekly_sharpe_ratio": 0.05111150831740446,
  "max_drawdown": -0.06252877730518791,
  "average_turnover": 0.1,
  "total_cost_bps_paid": 154.00000000000003,
  "average_gross_exposure": 0.4118080806727063,
  "average_net_exposure": 0.007142417401994915,
  "ex_ante_factor_exposure_l1": 0.07167432851625877,
  "ex_post_factor_beta_l1": 0.08300649054467868,
  "ex_post_factor_r2": 0.10318377349453312
}