{
  "run_id": 37,
  "horizon_days": 5,
  "long_short_quantile": 0.3,
  "weight_max": 0.1,
  "gross_exposure_target": 1.0,
  "turnover_cap": 0.2,
  "status": "ok",
  "error": null,
  "annualized_return": -0.003459088103699992,
  "annualized_volatility": 0.0562741055267773,
  "sharpe_ratio": -0.06146855771974963,
  "weekly_sharpe_ratio": -0.0617959830923721,
  "max_drawdown": -0.21438083373664618,
  "average_turnover": 0.20000000000000004,
  "total_cost_bps_paid": 621.6000000000001,
  "average_gross_exposure": 0.4661146151957795,
  "average_net_exposure": 0.004228189870432032,
  "ex_ante_factor_exposure_l1": 0.018264748006575543,
  "ex_post_factor_beta_l1": 0.02505600415098414,
  "ex_post_factor_r2": 0.004808059718197866
}