{
  "run_id": 2,
  "horizon_days": 15,
  "long_short_quantile": 0.3,
  "weight_max": 0.1,
  "gross_exposure_target": 1.0,
  "turnover_cap": 0.2,
  "status": "ok",
  "error": null,
  "annualized_return": 0.003943890176399956,
  "annualized_volatility": 0.05121137660666087,
  "sharpe_ratio": 0.0770119929931153,
  "weekly_sharpe_ratio": 0.07565700852083268,
  "max_drawdown": -0.24698041522320613,
  "average_turnover": 0.19999999999999998,
  "total_cost_bps_paid": 204.40000000000003,
  "average_gross_exposure": 0.41048497045355686,
  "average_net_exposure": 0.00967837610323805,
  "ex_ante_factor_exposure_l1": 0.03438667275771171,
  "ex_post_factor_beta_l1": 0.06706232691864367,
  "ex_post_factor_r2": 0.04131064165764964
}