horizon_days,holding_days,n_rebalances,target_column,oos_cs_ic_mean,oos_cs_ic_ir,oos_top_bottom_mean,annualized_return,annualized_volatility,sharpe_ratio,weekly_sharpe_ratio,max_drawdown,average_turnover,total_cost_bps_paid
5,5,444,fwd_return_5d_resid,0.02647175245311643,0.09405079499881466,0.0028563859932406828,0.3438296823384921,0.3203525995373323,1.0732851328038744,1.1526951704720176,-0.4922834589554539,0.34846891087464626,1083.0413749984004
10,10,220,fwd_return_10d_resid,-0.019444475200914673,-0.06963182233306185,-0.0058958868814212905,0.2849455772642644,0.30815937833711243,0.9246694966802107,0.9958179257035035,-0.4944538075280748,0.35,538.9999999999999
15,15,146,fwd_return_15d_resid,-0.011846221342688949,-0.04469718089076122,-0.0064171669846267215,0.3185930731648974,0.3233799350773672,0.9851974059203007,1.0727331692996058,-0.5465305305774728,0.35000000000000003,357.69999999999993
