{
  "run_id": 140,
  "horizon_days": 10,
  "long_short_quantile": 0.35,
  "weight_max": 0.12,
  "gross_exposure_target": 1.0,
  "turnover_cap": 0.2,
  "status": "ok",
  "error": null,
  "annualized_return": 0.004225095888310548,
  "annualized_volatility": 0.032012766604683274,
  "sharpe_ratio": 0.13198159160953124,
  "weekly_sharpe_ratio": 0.13307751242013188,
  "max_drawdown": -0.06276810054419169,
  "average_turnover": 0.20000000000000004,
  "total_cost_bps_paid": 308.00000000000006,
  "average_gross_exposure": 0.4621670989237427,
  "average_net_exposure": 0.005711587504039185,
  "ex_ante_factor_exposure_l1": 0.052218097233154515,
  "ex_post_factor_beta_l1": 0.0529480016022376,
  "ex_post_factor_r2": 0.050539346435264365
}