{
  "run_id": 11,
  "phase": "candidate",
  "status": "ok",
  "error": null,
  "data_config_source": "/Users/jenriquezafra/Proyectos/Dev/python/portfolio/configs/config_data.core25.yaml",
  "requested_universe_size": 25,
  "realized_clean_tickers": 25,
  "realized_panel_tickers": 25,
  "horizon_days": 15,
  "rebalance_every_n_days": 15,
  "allocation_method": "mean_variance",
  "weight_max": 0.15,
  "turnover_cap": 0.35,
  "oos_cs_ic_mean": 0.04149556105805303,
  "oos_cs_ic_ir": 0.15815549837919224,
  "oos_top_bottom_mean": 0.007663666475449499,
  "n_rebalances_train": 146,
  "annualized_return": 0.2675065226894662,
  "annualized_volatility": 0.2764001737682492,
  "sharpe_ratio": 0.9678232797124071,
  "weekly_sharpe_ratio": 1.0332775352024557,
  "max_drawdown": -0.37314827308411114,
  "average_turnover": 0.33729959306997515,
  "total_cost_bps_paid": 344.72018411751446
}