{
  "run_id": 53,
  "horizon_days": 7,
  "long_short_quantile": 0.25,
  "weight_max": 0.1,
  "gross_exposure_target": 1.0,
  "turnover_cap": 0.05,
  "status": "ok",
  "error": null,
  "annualized_return": 0.01889603344181312,
  "annualized_volatility": 0.028725872370680736,
  "sharpe_ratio": 0.6578053817818772,
  "weekly_sharpe_ratio": 0.666926347217854,
  "max_drawdown": -0.04610318769390165,
  "average_turnover": 0.049999999999999996,
  "total_cost_bps_paid": 110.95000000000002,
  "average_gross_exposure": 0.3012851364769989,
  "average_net_exposure": 0.025331023962854717,
  "ex_ante_factor_exposure_l1": 0.10423820488062222,
  "ex_post_factor_beta_l1": 0.09540424447300012,
  "ex_post_factor_r2": 0.24754506430239487
}