{
  "run_id": 8,
  "horizon_days": 15,
  "long_short_quantile": 0.3,
  "weight_max": 0.15,
  "gross_exposure_target": 1.0,
  "turnover_cap": 0.2,
  "status": "ok",
  "error": null,
  "annualized_return": 0.005116093637586472,
  "annualized_volatility": 0.04897879987665252,
  "sharpe_ratio": 0.10445526739060096,
  "weekly_sharpe_ratio": 0.09874460693697959,
  "max_drawdown": -0.24696178008287117,
  "average_turnover": 0.19999999999999998,
  "total_cost_bps_paid": 204.40000000000003,
  "average_gross_exposure": 0.4216564066034846,
  "average_net_exposure": 0.008023836309580337,
  "ex_ante_factor_exposure_l1": 0.03967413977345002,
  "ex_post_factor_beta_l1": 0.03779352477043197,
  "ex_post_factor_r2": 0.012182676122585168
}