{
  "run_id": 43,
  "horizon_days": 5,
  "long_short_quantile": 0.3,
  "weight_max": 0.15,
  "gross_exposure_target": 1.0,
  "turnover_cap": 0.2,
  "status": "ok",
  "error": null,
  "annualized_return": -0.0013551704434092704,
  "annualized_volatility": 0.05398350324251158,
  "sharpe_ratio": -0.02510341793346387,
  "weekly_sharpe_ratio": -0.025571391045547263,
  "max_drawdown": -0.20853703319767147,
  "average_turnover": 0.20000000000000004,
  "total_cost_bps_paid": 621.6000000000001,
  "average_gross_exposure": 0.48285598904314425,
  "average_net_exposure": -0.0031409236540303562,
  "ex_ante_factor_exposure_l1": 0.013206082031882279,
  "ex_post_factor_beta_l1": 0.03391175651862513,
  "ex_post_factor_r2": 0.006623155509622114
}