{
  "run_id": 24,
  "phase": "candidate",
  "status": "ok",
  "error": null,
  "data_config_source": "/Users/jenriquezafra/Proyectos/Dev/python/portfolio/configs/config_data.yaml",
  "requested_universe_size": 50,
  "realized_clean_tickers": 25,
  "realized_panel_tickers": 25,
  "horizon_days": 15,
  "rebalance_every_n_days": 15,
  "allocation_method": "mean_variance",
  "weight_max": 0.2,
  "turnover_cap": 0.25,
  "oos_cs_ic_mean": 0.04149556105805303,
  "oos_cs_ic_ir": 0.15815549837919224,
  "oos_top_bottom_mean": 0.007663666475449499,
  "n_rebalances_train": 146,
  "annualized_return": 0.2884179438843042,
  "annualized_volatility": 0.2895522510394295,
  "sharpe_ratio": 0.9960825476194594,
  "weekly_sharpe_ratio": 1.0619492085485571,
  "max_drawdown": -0.37237325310688707,
  "average_turnover": 0.24294047898786486,
  "total_cost_bps_paid": 248.2851695255979
}