{
  "run_id": 27,
  "horizon_days": 10,
  "long_short_quantile": 0.2,
  "weight_max": 0.12,
  "gross_exposure_target": 0.8,
  "turnover_cap": 0.15,
  "status": "ok",
  "error": null,
  "annualized_return": -0.0018003524436476237,
  "annualized_volatility": 0.028027317340583807,
  "sharpe_ratio": -0.06423563203605995,
  "weekly_sharpe_ratio": -0.06649216953319213,
  "max_drawdown": -0.052533234607239354,
  "average_turnover": 0.14999999999999994,
  "total_cost_bps_paid": 231.00000000000003,
  "average_gross_exposure": 0.37328695855135063,
  "average_net_exposure": -0.0028753938848484527,
  "ex_ante_factor_exposure_l1": 0.03786724351008615,
  "ex_post_factor_beta_l1": 0.03296003835464098,
  "ex_post_factor_r2": 0.042778942971266054
}