{
  "run_id": 16,
  "horizon_days": 15,
  "long_short_quantile": 0.35,
  "weight_max": 0.15,
  "gross_exposure_target": 1.0,
  "turnover_cap": 0.1,
  "status": "ok",
  "error": null,
  "annualized_return": 0.013683015361208195,
  "annualized_volatility": 0.039922962544611154,
  "sharpe_ratio": 0.3427354707436446,
  "weekly_sharpe_ratio": 0.32655446351457856,
  "max_drawdown": -0.15396825139096448,
  "average_turnover": 0.09999999999999999,
  "total_cost_bps_paid": 102.20000000000002,
  "average_gross_exposure": 0.32864469405132696,
  "average_net_exposure": 0.008368185064838522,
  "ex_ante_factor_exposure_l1": 0.04951448039740483,
  "ex_post_factor_beta_l1": 0.05165668920635909,
  "ex_post_factor_r2": 0.03783806059910988
}