{
  "run_id": 22,
  "horizon_days": 7,
  "long_short_quantile": 0.2,
  "weight_max": 0.1,
  "gross_exposure_target": 1.0,
  "turnover_cap": 0.1,
  "status": "ok",
  "error": null,
  "annualized_return": 0.018913835827640835,
  "annualized_volatility": 0.03656959861331501,
  "sharpe_ratio": 0.5172010780767579,
  "weekly_sharpe_ratio": 0.5369467958601094,
  "max_drawdown": -0.06614227510429582,
  "average_turnover": 0.09999999999999999,
  "total_cost_bps_paid": 221.90000000000006,
  "average_gross_exposure": 0.3772858452111928,
  "average_net_exposure": 0.02248508088635466,
  "ex_ante_factor_exposure_l1": 0.10682979236269288,
  "ex_post_factor_beta_l1": 0.08505075581050048,
  "ex_post_factor_r2": 0.16615817542973843
}