{
  "run_id": 66,
  "horizon_days": 7,
  "long_short_quantile": 0.25,
  "weight_max": 0.12,
  "gross_exposure_target": 1.0,
  "turnover_cap": 0.1,
  "status": "ok",
  "error": null,
  "annualized_return": 0.020400281733677028,
  "annualized_volatility": 0.030987839549865785,
  "sharpe_ratio": 0.6583318498486735,
  "weekly_sharpe_ratio": 0.6728432098697593,
  "max_drawdown": -0.05311935848388205,
  "average_turnover": 0.09999999999999999,
  "total_cost_bps_paid": 221.90000000000006,
  "average_gross_exposure": 0.3756494769978207,
  "average_net_exposure": 0.023500164756920454,
  "ex_ante_factor_exposure_l1": 0.0935861666585219,
  "ex_post_factor_beta_l1": 0.07654962521053411,
  "ex_post_factor_r2": 0.1556545577827133
}