{
  "run_id": 49,
  "horizon_days": 7,
  "long_short_quantile": 0.25,
  "weight_max": 0.1,
  "gross_exposure_target": 0.8,
  "turnover_cap": 0.05,
  "status": "ok",
  "error": null,
  "annualized_return": 0.012607678744608775,
  "annualized_volatility": 0.021349342786649496,
  "sharpe_ratio": 0.5905417731403332,
  "weekly_sharpe_ratio": 0.5974254986598608,
  "max_drawdown": -0.024725785198734807,
  "average_turnover": 0.049999999999999996,
  "total_cost_bps_paid": 110.95000000000003,
  "average_gross_exposure": 0.2667382406967075,
  "average_net_exposure": 0.007504740482212646,
  "ex_ante_factor_exposure_l1": 0.06200264336987639,
  "ex_post_factor_beta_l1": 0.055691638697859966,
  "ex_post_factor_r2": 0.14445142741645056
}