{
  "run_id": 74,
  "horizon_days": 7,
  "long_short_quantile": 0.3,
  "weight_max": 0.08,
  "gross_exposure_target": 0.8,
  "turnover_cap": 0.1,
  "status": "ok",
  "error": null,
  "annualized_return": 0.01636287303791395,
  "annualized_volatility": 0.025617283639199514,
  "sharpe_ratio": 0.6387434853895093,
  "weekly_sharpe_ratio": 0.6456465107833078,
  "max_drawdown": -0.044825181412591286,
  "average_turnover": 0.09999999999999999,
  "total_cost_bps_paid": 221.90000000000003,
  "average_gross_exposure": 0.32317425581708864,
  "average_net_exposure": 0.018261017591454775,
  "ex_ante_factor_exposure_l1": 0.07279136315269588,
  "ex_post_factor_beta_l1": 0.056211566927587144,
  "ex_post_factor_r2": 0.13517974740973515
}