{
  "run_id": 91,
  "horizon_days": 10,
  "long_short_quantile": 0.3,
  "weight_max": 0.1,
  "gross_exposure_target": 1.0,
  "turnover_cap": 0.15,
  "status": "ok",
  "error": null,
  "annualized_return": 0.003365844797913242,
  "annualized_volatility": 0.03042742817293706,
  "sharpe_ratio": 0.11061877391619024,
  "weekly_sharpe_ratio": 0.11356875272987335,
  "max_drawdown": -0.059144411095851335,
  "average_turnover": 0.14999999999999994,
  "total_cost_bps_paid": 231.00000000000003,
  "average_gross_exposure": 0.4108148893928493,
  "average_net_exposure": 0.005668546512523729,
  "ex_ante_factor_exposure_l1": 0.056528002875018475,
  "ex_post_factor_beta_l1": 0.060340333813471106,
  "ex_post_factor_r2": 0.07498865184670578
}