{
  "run_id": 19,
  "horizon_days": 10,
  "long_short_quantile": 0.2,
  "weight_max": 0.1,
  "gross_exposure_target": 1.0,
  "turnover_cap": 0.15,
  "status": "ok",
  "error": null,
  "annualized_return": 0.0058879123028723335,
  "annualized_volatility": 0.037167021404990494,
  "sharpe_ratio": 0.1584176530778372,
  "weekly_sharpe_ratio": 0.166085261128491,
  "max_drawdown": -0.05494001072625576,
  "average_turnover": 0.14999999999999994,
  "total_cost_bps_paid": 231.00000000000006,
  "average_gross_exposure": 0.424373410794339,
  "average_net_exposure": 0.005574149415374897,
  "ex_ante_factor_exposure_l1": 0.06634213561214598,
  "ex_post_factor_beta_l1": 0.057369489696191794,
  "ex_post_factor_r2": 0.07023925185492985
}