{
  "run_id": 136,
  "horizon_days": 10,
  "long_short_quantile": 0.35,
  "weight_max": 0.12,
  "gross_exposure_target": 0.8,
  "turnover_cap": 0.2,
  "status": "ok",
  "error": null,
  "annualized_return": 0.003124050596160277,
  "annualized_volatility": 0.026543994361605726,
  "sharpe_ratio": 0.11769331147383856,
  "weekly_sharpe_ratio": 0.11738267108434183,
  "max_drawdown": -0.052809038850169854,
  "average_turnover": 0.20000000000000004,
  "total_cost_bps_paid": 308.00000000000006,
  "average_gross_exposure": 0.4046191949926376,
  "average_net_exposure": -0.0026861364300795987,
  "ex_ante_factor_exposure_l1": 0.030442352581388873,
  "ex_post_factor_beta_l1": 0.03632244330539811,
  "ex_post_factor_r2": 0.02866405617140444
}