{
  "run_id": 79,
  "horizon_days": 7,
  "long_short_quantile": 0.3,
  "weight_max": 0.08,
  "gross_exposure_target": 1.0,
  "turnover_cap": 0.15,
  "status": "ok",
  "error": null,
  "annualized_return": 0.025406348030345693,
  "annualized_volatility": 0.037350997759195266,
  "sharpe_ratio": 0.680205337328399,
  "weekly_sharpe_ratio": 0.692037883585641,
  "max_drawdown": -0.07964946164520603,
  "average_turnover": 0.15,
  "total_cost_bps_paid": 332.85,
  "average_gross_exposure": 0.4118988357858255,
  "average_net_exposure": 0.050204447000548255,
  "ex_ante_factor_exposure_l1": 0.12955757262970558,
  "ex_post_factor_beta_l1": 0.10489062366454835,
  "ex_post_factor_r2": 0.1934580038776793
}