{
  "run_id": 17,
  "phase": "candidate",
  "status": "ok",
  "error": null,
  "data_config_source": "/Users/jenriquezafra/Proyectos/Dev/python/portfolio/configs/config_data.yaml",
  "requested_universe_size": 50,
  "realized_clean_tickers": 25,
  "realized_panel_tickers": 25,
  "horizon_days": 15,
  "rebalance_every_n_days": 15,
  "allocation_method": "score_over_vol",
  "weight_max": 0.15,
  "turnover_cap": 0.35,
  "oos_cs_ic_mean": 0.04149556105805303,
  "oos_cs_ic_ir": 0.15815549837919224,
  "oos_top_bottom_mean": 0.007663666475449499,
  "n_rebalances_train": 146,
  "annualized_return": 0.24598653787748193,
  "annualized_volatility": 0.21484253130284295,
  "sharpe_ratio": 1.1449620165326495,
  "weekly_sharpe_ratio": 1.200457521101142,
  "max_drawdown": -0.35127848490583324,
  "average_turnover": 0.35000000000000003,
  "total_cost_bps_paid": 357.69999999999993
}