{
  "run_id": 40,
  "horizon_days": 10,
  "long_short_quantile": 0.25,
  "weight_max": 0.08,
  "gross_exposure_target": 0.8,
  "turnover_cap": 0.2,
  "status": "ok",
  "error": null,
  "annualized_return": 0.005790939637916992,
  "annualized_volatility": 0.029282222231674402,
  "sharpe_ratio": 0.19776298370049825,
  "weekly_sharpe_ratio": 0.20325927155973295,
  "max_drawdown": -0.06726859614421166,
  "average_turnover": 0.20000000000000004,
  "total_cost_bps_paid": 308.00000000000006,
  "average_gross_exposure": 0.3908201838262633,
  "average_net_exposure": 0.00468112024047477,
  "ex_ante_factor_exposure_l1": 0.0476489958255677,
  "ex_post_factor_beta_l1": 0.046174353343930254,
  "ex_post_factor_r2": 0.06146940045393068
}