{
  "run_id": 64,
  "horizon_days": 10,
  "long_short_quantile": 0.25,
  "weight_max": 0.12,
  "gross_exposure_target": 0.8,
  "turnover_cap": 0.2,
  "status": "ok",
  "error": null,
  "annualized_return": 0.0008276974385346136,
  "annualized_volatility": 0.0286230569316349,
  "sharpe_ratio": 0.02891715725932202,
  "weekly_sharpe_ratio": 0.029398332544028256,
  "max_drawdown": -0.06098545059627325,
  "average_turnover": 0.20000000000000004,
  "total_cost_bps_paid": 308.00000000000006,
  "average_gross_exposure": 0.4036770057843697,
  "average_net_exposure": -0.002623415434246017,
  "ex_ante_factor_exposure_l1": 0.03473880535679519,
  "ex_post_factor_beta_l1": 0.03471394988915029,
  "ex_post_factor_r2": 0.03596195257474544
}