{
  "run_id": 134,
  "horizon_days": 7,
  "long_short_quantile": 0.35,
  "weight_max": 0.12,
  "gross_exposure_target": 0.8,
  "turnover_cap": 0.1,
  "status": "ok",
  "error": null,
  "annualized_return": 0.011849837096577165,
  "annualized_volatility": 0.022914293899130057,
  "sharpe_ratio": 0.5171373444340367,
  "weekly_sharpe_ratio": 0.5088057743688771,
  "max_drawdown": -0.03900482387920445,
  "average_turnover": 0.09999999999999999,
  "total_cost_bps_paid": 221.90000000000006,
  "average_gross_exposure": 0.335267900538541,
  "average_net_exposure": 0.006637144472638532,
  "ex_ante_factor_exposure_l1": 0.04791036195283909,
  "ex_post_factor_beta_l1": 0.043088212541434696,
  "ex_post_factor_r2": 0.07252825711482702
}