{
  "run_id": 51,
  "horizon_days": 7,
  "long_short_quantile": 0.25,
  "weight_max": 0.15,
  "gross_exposure_target": 0.8,
  "turnover_cap": 0.2,
  "status": "ok",
  "error": null,
  "annualized_return": 0.01236910436663563,
  "annualized_volatility": 0.028496716703027395,
  "sharpe_ratio": 0.43405366644647797,
  "weekly_sharpe_ratio": 0.44100082421876236,
  "max_drawdown": -0.03908218917659145,
  "average_turnover": 0.19999999999999998,
  "total_cost_bps_paid": 443.8000000000001,
  "average_gross_exposure": 0.42513717210285173,
  "average_net_exposure": 0.00498880296140642,
  "ex_ante_factor_exposure_l1": 0.048343493074150465,
  "ex_post_factor_beta_l1": 0.04782589800120199,
  "ex_post_factor_r2": 0.058978264858731366
}