{
  "run_id": 132,
  "horizon_days": 7,
  "long_short_quantile": 0.35,
  "weight_max": 0.1,
  "gross_exposure_target": 1.2,
  "turnover_cap": 0.2,
  "status": "ok",
  "error": null,
  "annualized_return": 0.029098369940951052,
  "annualized_volatility": 0.041647806646908786,
  "sharpe_ratio": 0.6986771281294069,
  "weekly_sharpe_ratio": 0.7059487724080056,
  "max_drawdown": -0.0729588998927958,
  "average_turnover": 0.19999999999999998,
  "total_cost_bps_paid": 443.8000000000001,
  "average_gross_exposure": 0.5251410288840003,
  "average_net_exposure": 0.040860245972195855,
  "ex_ante_factor_exposure_l1": 0.11801747128489921,
  "ex_post_factor_beta_l1": 0.09683855569701212,
  "ex_post_factor_r2": 0.14299987454165086
}