{
  "run_id": 98,
  "horizon_days": 7,
  "long_short_quantile": 0.3,
  "weight_max": 0.12,
  "gross_exposure_target": 0.8,
  "turnover_cap": 0.1,
  "status": "ok",
  "error": null,
  "annualized_return": 0.012519775974325631,
  "annualized_volatility": 0.02352588004921087,
  "sharpe_ratio": 0.5321703565663458,
  "weekly_sharpe_ratio": 0.5340680821704962,
  "max_drawdown": -0.03577763421635871,
  "average_turnover": 0.09999999999999999,
  "total_cost_bps_paid": 221.90000000000003,
  "average_gross_exposure": 0.33496514420580853,
  "average_net_exposure": 0.00669347774381228,
  "ex_ante_factor_exposure_l1": 0.05184072338215355,
  "ex_post_factor_beta_l1": 0.045187442235650015,
  "ex_post_factor_r2": 0.0820773490225487
}