{
  "run_id": 80,
  "horizon_days": 7,
  "long_short_quantile": 0.3,
  "weight_max": 0.08,
  "gross_exposure_target": 1.0,
  "turnover_cap": 0.2,
  "status": "ok",
  "error": null,
  "annualized_return": 0.026235407412823264,
  "annualized_volatility": 0.03883019164761597,
  "sharpe_ratio": 0.6756445513045523,
  "weekly_sharpe_ratio": 0.6825833492877031,
  "max_drawdown": -0.07831899439435352,
  "average_turnover": 0.19999999999999998,
  "total_cost_bps_paid": 443.8000000000001,
  "average_gross_exposure": 0.45492952940976655,
  "average_net_exposure": 0.04870234035362563,
  "ex_ante_factor_exposure_l1": 0.12547921689419278,
  "ex_post_factor_beta_l1": 0.09643758401523461,
  "ex_post_factor_r2": 0.15799846887291136
}