{
  "run_id": 71,
  "horizon_days": 7,
  "long_short_quantile": 0.25,
  "weight_max": 0.12,
  "gross_exposure_target": 1.2,
  "turnover_cap": 0.15,
  "status": "ok",
  "error": null,
  "annualized_return": 0.02722349605064145,
  "annualized_volatility": 0.03902253959195823,
  "sharpe_ratio": 0.6976351702197177,
  "weekly_sharpe_ratio": 0.718385452166957,
  "max_drawdown": -0.06644980299713665,
  "average_turnover": 0.15,
  "total_cost_bps_paid": 332.85,
  "average_gross_exposure": 0.4769284207942735,
  "average_net_exposure": 0.02712292211182587,
  "ex_ante_factor_exposure_l1": 0.1161415632328355,
  "ex_post_factor_beta_l1": 0.09609636076986293,
  "ex_post_factor_r2": 0.15308764231186067
}