{
  "run_id": 19,
  "horizon_days": 7,
  "long_short_quantile": 0.2,
  "weight_max": 0.1,
  "gross_exposure_target": 0.8,
  "turnover_cap": 0.1,
  "status": "ok",
  "error": null,
  "annualized_return": 0.014393092316457468,
  "annualized_volatility": 0.02659011514989777,
  "sharpe_ratio": 0.5412948471760494,
  "weekly_sharpe_ratio": 0.565216090883529,
  "max_drawdown": -0.031743211428697626,
  "average_turnover": 0.09999999999999999,
  "total_cost_bps_paid": 221.90000000000006,
  "average_gross_exposure": 0.3353040976877187,
  "average_net_exposure": 0.006760641490773805,
  "ex_ante_factor_exposure_l1": 0.06507871228155786,
  "ex_post_factor_beta_l1": 0.05404338035918196,
  "ex_post_factor_r2": 0.12422426741435999
}