{
  "run_id": 3,
  "horizon_days": 7,
  "long_short_quantile": 0.2,
  "weight_max": 0.08,
  "gross_exposure_target": 0.8,
  "turnover_cap": 0.15,
  "status": "ok",
  "error": null,
  "annualized_return": 0.016195757259633625,
  "annualized_volatility": 0.032038880840543765,
  "sharpe_ratio": 0.5055032146796657,
  "weekly_sharpe_ratio": 0.5304775756936995,
  "max_drawdown": -0.0549086519851637,
  "average_turnover": 0.15,
  "total_cost_bps_paid": 332.85,
  "average_gross_exposure": 0.3690137607744885,
  "average_net_exposure": 0.016379981211828324,
  "ex_ante_factor_exposure_l1": 0.08024947375422632,
  "ex_post_factor_beta_l1": 0.06483496112983432,
  "ex_post_factor_r2": 0.12600617845841366
}