{
  "run_id": 49,
  "horizon_days": 10,
  "long_short_quantile": 0.25,
  "weight_max": 0.1,
  "gross_exposure_target": 0.8,
  "turnover_cap": 0.05,
  "status": "ok",
  "error": null,
  "annualized_return": -4.340513345235664e-05,
  "annualized_volatility": 0.019912158598303645,
  "sharpe_ratio": -0.0021798306415686344,
  "weekly_sharpe_ratio": -0.0022127833445657833,
  "max_drawdown": -0.03667028109994053,
  "average_turnover": 0.05,
  "total_cost_bps_paid": 77.00000000000001,
  "average_gross_exposure": 0.254414288570039,
  "average_net_exposure": -0.002731002784020925,
  "ex_ante_factor_exposure_l1": 0.039569158000388724,
  "ex_post_factor_beta_l1": 0.03967482745880205,
  "ex_post_factor_r2": 0.06414728946290771
}