{
  "run_id": 127,
  "horizon_days": 7,
  "long_short_quantile": 0.35,
  "weight_max": 0.1,
  "gross_exposure_target": 1.0,
  "turnover_cap": 0.15,
  "status": "ok",
  "error": null,
  "annualized_return": 0.02002542079740155,
  "annualized_volatility": 0.03219074513869048,
  "sharpe_ratio": 0.622086277006764,
  "weekly_sharpe_ratio": 0.6169356983498855,
  "max_drawdown": -0.05144810908533948,
  "average_turnover": 0.15,
  "total_cost_bps_paid": 332.85,
  "average_gross_exposure": 0.43275183355680447,
  "average_net_exposure": 0.02219342355242247,
  "ex_ante_factor_exposure_l1": 0.08125988528679842,
  "ex_post_factor_beta_l1": 0.0642153372839143,
  "ex_post_factor_r2": 0.10736617545519656
}