{
  "run_id": 8,
  "phase": "candidate",
  "status": "ok",
  "error": null,
  "data_config_source": "/Users/jenriquezafra/Proyectos/Dev/python/portfolio/configs/config_data.core25.yaml",
  "requested_universe_size": 25,
  "realized_clean_tickers": 25,
  "realized_panel_tickers": 25,
  "horizon_days": 15,
  "rebalance_every_n_days": 15,
  "allocation_method": "mean_variance",
  "weight_max": 0.12,
  "turnover_cap": 0.25,
  "oos_cs_ic_mean": 0.04149556105805303,
  "oos_cs_ic_ir": 0.15815549837919224,
  "oos_top_bottom_mean": 0.007663666475449499,
  "n_rebalances_train": 146,
  "annualized_return": 0.26637490622386295,
  "annualized_volatility": 0.2631188305581312,
  "sharpe_ratio": 1.0123749245115787,
  "weekly_sharpe_ratio": 1.0839910441716945,
  "max_drawdown": -0.3511590880738934,
  "average_turnover": 0.24333805181296467,
  "total_cost_bps_paid": 248.69148895284985
}