{
  "run_id": 11,
  "horizon_days": 15,
  "long_short_quantile": 0.35,
  "weight_max": 0.1,
  "gross_exposure_target": 1.0,
  "turnover_cap": 0.2,
  "status": "ok",
  "error": null,
  "annualized_return": 0.0029847890161323054,
  "annualized_volatility": 0.04983404696534843,
  "sharpe_ratio": 0.05989457404909833,
  "weekly_sharpe_ratio": 0.059490525145850584,
  "max_drawdown": -0.24596707266848528,
  "average_turnover": 0.19999999999999998,
  "total_cost_bps_paid": 204.40000000000003,
  "average_gross_exposure": 0.4092144751126398,
  "average_net_exposure": 0.00884218740033276,
  "ex_ante_factor_exposure_l1": 0.03571057610513187,
  "ex_post_factor_beta_l1": 0.06547917383203153,
  "ex_post_factor_r2": 0.04597558261632395
}