{
  "run_id": 126,
  "horizon_days": 10,
  "long_short_quantile": 0.35,
  "weight_max": 0.1,
  "gross_exposure_target": 1.0,
  "turnover_cap": 0.1,
  "status": "ok",
  "error": null,
  "annualized_return": 0.0013927760821310642,
  "annualized_volatility": 0.027269460215442687,
  "sharpe_ratio": 0.051074574675384864,
  "weekly_sharpe_ratio": 0.05203591023163371,
  "max_drawdown": -0.05408320737330086,
  "average_turnover": 0.10000000000000002,
  "total_cost_bps_paid": 154.00000000000003,
  "average_gross_exposure": 0.36327586127722794,
  "average_net_exposure": 0.005850271070995955,
  "ex_ante_factor_exposure_l1": 0.0584336646734932,
  "ex_post_factor_beta_l1": 0.06595225180863512,
  "ex_post_factor_r2": 0.09134927285858585
}