{
  "run_id": 38,
  "horizon_days": 10,
  "long_short_quantile": 0.25,
  "weight_max": 0.08,
  "gross_exposure_target": 0.8,
  "turnover_cap": 0.1,
  "status": "ok",
  "error": null,
  "annualized_return": 0.0042753403447768346,
  "annualized_volatility": 0.02454405013025172,
  "sharpe_ratio": 0.17419049920808596,
  "weekly_sharpe_ratio": 0.18018542869197726,
  "max_drawdown": -0.04347561362175767,
  "average_turnover": 0.1,
  "total_cost_bps_paid": 154.00000000000003,
  "average_gross_exposure": 0.30737490093543973,
  "average_net_exposure": 0.004613727300190849,
  "ex_ante_factor_exposure_l1": 0.04873461239557093,
  "ex_post_factor_beta_l1": 0.05218917277565219,
  "ex_post_factor_r2": 0.0902356442745772
}