mode,annualized_return,annualized_volatility,sharpe_ratio,weekly_sharpe_ratio,max_drawdown,average_turnover,average_gross_exposure,average_net_exposure,average_ex_ante_beta_to_factor,average_ex_ante_factor_exposure,ex_post_factor_betas,ex_post_factor_r2
long_only,0.2460218249264523,0.21466804952090396,1.1460570190837607,1.2011293628682627,-0.34809064544140333,0.35000000000000003,0.9327568386409786,0.9327568386409786,,,,
market_neutral,0.009859455312253518,0.04127334251438642,0.23888192018412036,0.24496254487691924,-0.05657505075305136,0.35000000000000003,0.5583650643670315,-7.277521431752016e-20,,"{'nasdaq_proxy': 0.04826646852452717, 'growth_proxy': -0.02161587747032428}","{'nasdaq_proxy': 0.03766306930679326, 'growth_proxy': 0.004243318238591334}",0.04882444606702663
