{
  "run_id": 107,
  "horizon_days": 10,
  "long_short_quantile": 0.3,
  "weight_max": 0.12,
  "gross_exposure_target": 1.2,
  "turnover_cap": 0.15,
  "status": "ok",
  "error": null,
  "annualized_return": 0.00360577325385103,
  "annualized_volatility": 0.03496997472160233,
  "sharpe_ratio": 0.10311054790736243,
  "weekly_sharpe_ratio": 0.10584238314080298,
  "max_drawdown": -0.06212015967888185,
  "average_turnover": 0.14999999999999994,
  "total_cost_bps_paid": 231.00000000000003,
  "average_gross_exposure": 0.46407108378956835,
  "average_net_exposure": 0.006885662155104199,
  "ex_ante_factor_exposure_l1": 0.06876121918522847,
  "ex_post_factor_beta_l1": 0.07521966235730403,
  "ex_post_factor_r2": 0.08370951410724492
}