{
  "run_id": 143,
  "horizon_days": 7,
  "long_short_quantile": 0.35,
  "weight_max": 0.12,
  "gross_exposure_target": 1.2,
  "turnover_cap": 0.15,
  "status": "ok",
  "error": null,
  "annualized_return": 0.02267273441849782,
  "annualized_volatility": 0.03737944623571478,
  "sharpe_ratio": 0.6065561880056639,
  "weekly_sharpe_ratio": 0.6022168951985062,
  "max_drawdown": -0.06215375764675779,
  "average_turnover": 0.15,
  "total_cost_bps_paid": 332.85,
  "average_gross_exposure": 0.4884053812281115,
  "average_net_exposure": 0.027417383468274534,
  "ex_ante_factor_exposure_l1": 0.10002576259859741,
  "ex_post_factor_beta_l1": 0.07886099507951994,
  "ex_post_factor_r2": 0.12070291565697788
}