{
  "run_id": 25,
  "phase": "candidate",
  "status": "ok",
  "error": null,
  "data_config_source": "/Users/jenriquezafra/Proyectos/Dev/python/portfolio/configs/config_data.yaml",
  "requested_universe_size": 50,
  "realized_clean_tickers": 25,
  "realized_panel_tickers": 25,
  "horizon_days": 15,
  "rebalance_every_n_days": 15,
  "allocation_method": "mean_variance",
  "weight_max": 0.2,
  "turnover_cap": 0.35,
  "oos_cs_ic_mean": 0.04149556105805303,
  "oos_cs_ic_ir": 0.15815549837919224,
  "oos_top_bottom_mean": 0.007663666475449499,
  "n_rebalances_train": 146,
  "annualized_return": 0.2735537612474499,
  "annualized_volatility": 0.29080342860360087,
  "sharpe_ratio": 0.9406827235876084,
  "weekly_sharpe_ratio": 1.0028355603960801,
  "max_drawdown": -0.38986958553403805,
  "average_turnover": 0.33660826669139776,
  "total_cost_bps_paid": 344.0136485586084
}