{
  "run_id": 120,
  "horizon_days": 7,
  "long_short_quantile": 0.35,
  "weight_max": 0.08,
  "gross_exposure_target": 1.2,
  "turnover_cap": 0.2,
  "status": "ok",
  "error": null,
  "annualized_return": 0.027904589146863,
  "annualized_volatility": 0.053549972354478455,
  "sharpe_ratio": 0.5210943707336817,
  "weekly_sharpe_ratio": 0.5529849897377882,
  "max_drawdown": -0.11087310448543486,
  "average_turnover": 0.19999999999999998,
  "total_cost_bps_paid": 443.8000000000001,
  "average_gross_exposure": 0.49885165183729724,
  "average_net_exposure": 0.08256731808105781,
  "ex_ante_factor_exposure_l1": 0.18170218320065598,
  "ex_post_factor_beta_l1": 0.25998720427207134,
  "ex_post_factor_r2": 0.33554435920743975
}