{
  "run_id": 62,
  "horizon_days": 7,
  "long_short_quantile": 0.25,
  "weight_max": 0.12,
  "gross_exposure_target": 0.8,
  "turnover_cap": 0.1,
  "status": "ok",
  "error": null,
  "annualized_return": 0.013643827719480806,
  "annualized_volatility": 0.023825920629196546,
  "sharpe_ratio": 0.5726464018671122,
  "weekly_sharpe_ratio": 0.5849982723290083,
  "max_drawdown": -0.02854373906074892,
  "average_turnover": 0.09999999999999999,
  "total_cost_bps_paid": 221.90000000000006,
  "average_gross_exposure": 0.3316192905663985,
  "average_net_exposure": 0.006830113243575191,
  "ex_ante_factor_exposure_l1": 0.055315468605726066,
  "ex_post_factor_beta_l1": 0.050518945717134583,
  "ex_post_factor_r2": 0.09701242573410418
}