{
  "run_id": 94,
  "horizon_days": 10,
  "long_short_quantile": 0.3,
  "weight_max": 0.1,
  "gross_exposure_target": 1.2,
  "turnover_cap": 0.1,
  "status": "ok",
  "error": null,
  "annualized_return": 0.010848636423539837,
  "annualized_volatility": 0.033286606592758915,
  "sharpe_ratio": 0.3259159624249539,
  "weekly_sharpe_ratio": 0.3367310022420042,
  "max_drawdown": -0.047236028990376266,
  "average_turnover": 0.10000000000000002,
  "total_cost_bps_paid": 154.00000000000003,
  "average_gross_exposure": 0.3922372835236487,
  "average_net_exposure": 0.021171386480644896,
  "ex_ante_factor_exposure_l1": 0.09058647826068775,
  "ex_post_factor_beta_l1": 0.12144403622090372,
  "ex_post_factor_r2": 0.18505633840947944
}