{
  "run_id": 85,
  "horizon_days": 7,
  "long_short_quantile": 0.3,
  "weight_max": 0.1,
  "gross_exposure_target": 0.8,
  "turnover_cap": 0.05,
  "status": "ok",
  "error": null,
  "annualized_return": 0.011304588852563358,
  "annualized_volatility": 0.020944681778760015,
  "sharpe_ratio": 0.5397355267544496,
  "weekly_sharpe_ratio": 0.5423390555408878,
  "max_drawdown": -0.030049825036243316,
  "average_turnover": 0.049999999999999996,
  "total_cost_bps_paid": 110.95000000000003,
  "average_gross_exposure": 0.2698245948650122,
  "average_net_exposure": 0.007406405624873684,
  "ex_ante_factor_exposure_l1": 0.058697809575925367,
  "ex_post_factor_beta_l1": 0.05009017150584139,
  "ex_post_factor_r2": 0.12900520731867704
}