{
  "run_id": 130,
  "horizon_days": 7,
  "long_short_quantile": 0.35,
  "weight_max": 0.1,
  "gross_exposure_target": 1.2,
  "turnover_cap": 0.1,
  "status": "ok",
  "error": null,
  "annualized_return": 0.02420070072865821,
  "annualized_volatility": 0.03809869927793577,
  "sharpe_ratio": 0.6352106813965075,
  "weekly_sharpe_ratio": 0.6423797789548473,
  "max_drawdown": -0.07280268074039387,
  "average_turnover": 0.09999999999999999,
  "total_cost_bps_paid": 221.90000000000006,
  "average_gross_exposure": 0.4194208476102911,
  "average_net_exposure": 0.04421651645589188,
  "ex_ante_factor_exposure_l1": 0.12811798108984185,
  "ex_post_factor_beta_l1": 0.12256180904753368,
  "ex_post_factor_r2": 0.23391868130864835
}