{
  "run_id": 94,
  "horizon_days": 7,
  "long_short_quantile": 0.3,
  "weight_max": 0.1,
  "gross_exposure_target": 1.2,
  "turnover_cap": 0.1,
  "status": "ok",
  "error": null,
  "annualized_return": 0.026857404425652653,
  "annualized_volatility": 0.039824369540948104,
  "sharpe_ratio": 0.6743962235996581,
  "weekly_sharpe_ratio": 0.6887464093610455,
  "max_drawdown": -0.07704090623701798,
  "average_turnover": 0.09999999999999999,
  "total_cost_bps_paid": 221.90000000000006,
  "average_gross_exposure": 0.4155679588354797,
  "average_net_exposure": 0.0444092156550657,
  "ex_ante_factor_exposure_l1": 0.13776991773172537,
  "ex_post_factor_beta_l1": 0.12910547916434262,
  "ex_post_factor_r2": 0.2477207736764987
}