{
  "run_id": 87,
  "horizon_days": 7,
  "long_short_quantile": 0.3,
  "weight_max": 0.1,
  "gross_exposure_target": 0.8,
  "turnover_cap": 0.15,
  "status": "ok",
  "error": null,
  "annualized_return": 0.014363958620953632,
  "annualized_volatility": 0.026257892236997833,
  "sharpe_ratio": 0.5470339542605999,
  "weekly_sharpe_ratio": 0.5475830992917055,
  "max_drawdown": -0.04079553868586383,
  "average_turnover": 0.15,
  "total_cost_bps_paid": 332.85,
  "average_gross_exposure": 0.3832547381528231,
  "average_net_exposure": 0.006353110096252657,
  "ex_ante_factor_exposure_l1": 0.050891558367822665,
  "ex_post_factor_beta_l1": 0.04465664412271833,
  "ex_post_factor_r2": 0.0720185095171455
}