{
  "run_id": 25,
  "horizon_days": 10,
  "long_short_quantile": 0.2,
  "weight_max": 0.12,
  "gross_exposure_target": 0.8,
  "turnover_cap": 0.05,
  "status": "ok",
  "error": null,
  "annualized_return": -0.0007388374178832757,
  "annualized_volatility": 0.020827175577037633,
  "sharpe_ratio": -0.03547468139164575,
  "weekly_sharpe_ratio": -0.03599124964258289,
  "max_drawdown": -0.03895969142518596,
  "average_turnover": 0.05,
  "total_cost_bps_paid": 77.00000000000001,
  "average_gross_exposure": 0.26505743106606505,
  "average_net_exposure": -0.0027246815038117836,
  "ex_ante_factor_exposure_l1": 0.040954196883894206,
  "ex_post_factor_beta_l1": 0.04036886790225258,
  "ex_post_factor_r2": 0.0671433517778931
}