{
  "run_id": 88,
  "horizon_days": 10,
  "long_short_quantile": 0.3,
  "weight_max": 0.1,
  "gross_exposure_target": 0.8,
  "turnover_cap": 0.2,
  "status": "ok",
  "error": null,
  "annualized_return": 0.0009087347341409924,
  "annualized_volatility": 0.027329273817140017,
  "sharpe_ratio": 0.03325133116310847,
  "weekly_sharpe_ratio": 0.033637225844889346,
  "max_drawdown": -0.06163051475651238,
  "average_turnover": 0.20000000000000004,
  "total_cost_bps_paid": 308.00000000000006,
  "average_gross_exposure": 0.40127769949782494,
  "average_net_exposure": -0.0026394322623852283,
  "ex_ante_factor_exposure_l1": 0.03185121510357673,
  "ex_post_factor_beta_l1": 0.03934389972243639,
  "ex_post_factor_r2": 0.03538927674859327
}